-- phpMyAdmin SQL Dump
-- version 4.9.0.1
-- https://www.phpmyadmin.net/
--
-- Host: sql104.infinityfree.com
-- Waktu pembuatan: 16 Jun 2024 pada 10.10
-- Versi server: 10.4.17-MariaDB
-- Versi PHP: 7.2.22

SET SQL_MODE = "NO_AUTO_VALUE_ON_ZERO";
SET AUTOCOMMIT = 0;
START TRANSACTION;
SET time_zone = "+00:00";


/*!40101 SET @OLD_CHARACTER_SET_CLIENT=@@CHARACTER_SET_CLIENT */;
/*!40101 SET @OLD_CHARACTER_SET_RESULTS=@@CHARACTER_SET_RESULTS */;
/*!40101 SET @OLD_COLLATION_CONNECTION=@@COLLATION_CONNECTION */;
/*!40101 SET NAMES utf8mb4 */;

--
-- Database: `if0_36699307_kinsblog`
--

-- --------------------------------------------------------

--
-- Struktur dari tabel `artikel`
--

CREATE TABLE `artikel` (
  `id_artikel` int(11) NOT NULL,
  `tanggal` varchar(200) NOT NULL DEFAULT '',
  `judul` varchar(360) NOT NULL,
  `isi` longtext NOT NULL,
  `gambar` varchar(200) NOT NULL
) ENGINE=InnoDB DEFAULT CHARSET=latin1;

--
-- Dumping data untuk tabel `artikel`
--

INSERT INTO `artikel` (`id_artikel`, `tanggal`, `judul`, `isi`, `gambar`) VALUES
(1, 'Sabtu, 08 Juni 2024 | 11:11', 'Peran Tata Kelola TI dalam Meningkatkan Keamanan Siber di Era Digital', '<p style=\"text-align:justify;\">Di era digital yang terus berkembang, organisasi di seluruh dunia telah merasakan manfaat besar, namun mereka juga dihadapkan pada tantangan yang signifikan, terutama dalam bidang keamanan siber. Sifat ancaman siber yang semakin kompleks dan terorganisir menuntut kesiapan organisasi. Oleh karena itu, pentingnya Manajemen Teknologi Informasi (Information Technology Management) menjadi sangat besar dalam meningkatkan posisi keamanan siber sebuah organisasi. Peran Tata Kelola TI mencakup berbagai aspek kunci, termasuk penyusunan kebijakan keamanan, manajemen risiko, pemantauan berkelanjutan, pelatihan karyawan, dan manajemen insiden.</span></p><h2>Penetapan Kebijakan Keamanan yang Kokoh</h2><p style=\"line-height:normal;margin-bottom:6.0pt;text-align:justify;\"><span style=\"font-family:&quot;Cambria&quot;,&quot;serif&quot;;\">Salah satu peran utama Tata Kelola TI dalam keamanan siber adalah penetapan kebijakan keamanan yang kokoh. Kebijakan ini mencakup aturan akses, enkripsi data, kebijakan penggunaan perangkat mobile, dan berbagai aspek lain yang menentukan bagaimana data dan sistem harus dikelola dan dilindungi. Kebijakan keamanan yang kokoh menjadi dasar bagi praktik keamanan yang konsisten di seluruh organisasi. Selain itu, kebijakan ini juga harus sejalan dengan peraturan dan standar keamanan yang berlaku.</span></p><h2>Manajemen Risiko</h2><p style=\"line-height:normal;margin-bottom:6.0pt;text-align:justify;\"><span style=\"font-family:&quot;Cambria&quot;,&quot;serif&quot;;\">Tata Kelola TI membantu organisasi dalam mengidentifikasi, menilai, dan mengelola risiko keamanan siber. Ini melibatkan proses mengidentifikasi potensi kerentanan dalam infrastruktur TI, sistem, dan aplikasi yang digunakan. Selanjutnya, perusahaan memiliki kemampuan untuk mengambil tindakan yang sesuai untuk mengurangi risiko ini, seperti peningkatan pembaruan perangkat lunak, pembentukan firewall yang tangguh, dan penerapan alat keamanan siber yang efektif. Manajemen risiko yang efektif sangat penting untuk memahami tingkat risiko yang dihadapi oleh sebuah organisasi dan mengambil langkah-langkah yang tepat untuk melindungi asetnya.</span></p><h2>Pemantauan dan Pengawasan Berkelanjutan</h2><p style=\"line-height:normal;margin-bottom:6.0pt;text-align:justify;\"><span style=\"font-family:&quot;Cambria&quot;,&quot;serif&quot;;\">Pemantauan dan pengawasan berkelanjutan adalah bagian integral dari Tata Kelola TI. Organisasi harus secara konsisten memantau lingkungan TI mereka untuk mendeteksi aktivitas mencurigakan atau serangan siber. Hal ini melibatkan penggunaan alat pemantauan jaringan yang canggih, sistem deteksi intrusi, dan pemantauan log keamanan. Pengawasan yang berdedikasi memungkinkan entitas untuk mendeteksi serangan siber dengan cepat dan mengambil langkah-langkah yang cepat untuk menghentikannya sebelum menimbulkan kerusakan yang signifikan.</span></p><h2>Pemantauan Kepatuhan</h2><p style=\"line-height:normal;margin-bottom:6.0pt;text-align:justify;\"><span style=\"font-family:&quot;Cambria&quot;,&quot;serif&quot;;\">Selain pemantauan risiko, Tata Kelola TI juga memastikan bahwa organisasi mematuhi peraturan dan standar keamanan yang berlaku. Ini sangat penting untuk menghindari sanksi hukum dan denda yang mungkin dikenakan jika organisasi melanggar peraturan keamanan data atau privasi. Pemantauan kepatuhan memastikan bahwa organisasi secara konsisten mematuhi peraturan dan melaksanakan perubahan yang diperlukan jika regulasi berubah.</span></p><h2>Pelatihan dan Kesadaran Karyawan</h2><p style=\"line-height:normal;margin-bottom:6.0pt;text-align:justify;\"><span style=\"font-family:&quot;Cambria&quot;,&quot;serif&quot;;\">Karyawan adalah aset berharga dalam pertahanan terhadap ancaman siber, tetapi mereka juga dapat menjadi kerentanan jika mereka tidak sadar akan ancaman keamanan dan praktik terbaik. Tata Kelola TI mencakup pelatihan karyawan tentang praktik terbaik keamanan siber dan peningkatan kesadaran akan ancaman keamanan siber. Ini melibatkan pelatihan tentang cara mengidentifikasi serangan phishing, mengelola kata sandi yang aman, dan melaporkan perilaku mencurigakan. Karyawan yang terlatih dengan baik dapat menjadi lapisan pertahanan pertama terhadap serangan siber.</span></p><h2>Manajemen Insiden</h2><p style=\"line-height:normal;margin-bottom:6.0pt;text-align:justify;\"><span style=\"font-family:&quot;Cambria&quot;,&quot;serif&quot;;\">Terakhir, Tata Kelola TI juga mencakup manajemen insiden. Organisasi harus memiliki rencana tanggap darurat yang jelas untuk menangani insiden keamanan siber. Rencana ini mencakup prosedur untuk mengisolasi serangan siber, mengumpulkan bukti digital, dan memberitahu pihak terkait seperti pihak berwenang atau pelanggan yang terkena dampak. Rencana tanggap darurat yang efektif dapat membantu organisasi mengurangi kerusakan yang disebabkan oleh serangan siber dan segera memulihkan operasinya.</span></p><h2>*****</h2><p style=\"line-height:normal;margin-bottom:6.0pt;text-align:justify;\"><span style=\"font-family:&quot;Cambria&quot;,&quot;serif&quot;;\">Di era di mana ancaman keamanan siber semakin meningkat, peran Tata Kelola TI dalam meningkatkan keamanan siber sangat penting. Tata Kelola TI membantu organisasi dalam merumuskan kebijakan keamanan, mengelola risiko, memantau lingkungan TI, memastikan kepatuhan, melatih karyawan, dan mengelola insiden keamanan siber. Dengan menerapkan Tata Kelola TI yang efektif, organisasi dapat memastikan perlindungan data dan sistem berharga mereka, menjaga reputasi mereka, dan mengurangi dampak serangan siber yang mungkin terjadi. Dengan demikian, Tata Kelola TI menjadi kunci keberhasilan dan kelangsungan organisasi di era digital yang penuh risiko ini.</span></p>', 'gambar/1.jpg'),
(2, 'Sabtu, 08 Juni 2024 | 12:24', 'Peran Struktur Kebijakan TI pada Rekonsiliasi TikTok Shop dan Pasar', '<p style=\"text-align:justify;\">Di tengah era digital yang terus berkembang, masyarakat dunia semakin nyaman berbelanja secara online. Salah satu fenomena yang paling mencolok adalah popularitas platform e-commerce seperti TikTok Shop, yang telah mengubah cara orang berbelanja secara signifikan. Seiring dengan meningkatnya minat mayarakat dalam belanja online, pasar tradisional mulai menghadapi tantangan yang signifikan. Namun, dapatkah struktur hak kebijakan tata kelola teknologi informasi (TI) membantu menciptakan rekonsiliasi antara TikTok Shop dan pasar tradisional? Dalam artikel ini, kita akan menjelajahi peran penting yang dimainkan oleh kebijakan TI dalam membantu menjembatani kesenjangan antara dua dunia ini.</span></p><h2>Tren Belanja yang Berkembang Pesat</h2><p style=\"line-height:normal;margin-bottom:6.0pt;text-align:justify;\"><span style=\"font-family:&quot;Cambria&quot;,&quot;serif&quot;;\">Pasar e-commerce, terutama TikTok Shop yang terkenal, telah sepenuhnya mengubah cara konsumen mendekati upaya belanja mereka. Kemudahan yang tak tertandingi, kenyamanan maksimum, dan beragam produk yang ditawarkan oleh platform-platform ini tanpa keraguan telah menempatkannya sebagai pilihan utama bagi banyak individu. Akibatnya, sejumlah besar pelanggan yang setia dengan cepat bertransisi ke dunia belanja online, mengakibatkan penurunan yang signifikan dalam pasar tradisional dan lembaga ritel fisik.</span></p><h2>Peran Struktur Kebijakan Tata Kelola TI</h2><p style=\"line-height:normal;margin-bottom:6.0pt;text-align:justify;\"><span style=\"font-family:&quot;Cambria&quot;,&quot;serif&quot;;\">Penting untuk memahami peran dari struktur kebijakan tata kelola TI dalam mengatasi tantangan yang dihadapi oleh pasar tradisional. Beberapa peran kunci antara lain:</span></p><h2>1. Regulasi dan Perlindungan Konsumen</h2><p style=\"line-height:normal;margin-bottom:6.0pt;text-align:justify;\"><span style=\"font-family:&quot;Cambria&quot;,&quot;serif&quot;;\">Kebijakan TI dapat membantu mengatur dan melindungi konsumen saat berbelanja online, sehingga meningkatkan kepercayaan mereka pada platform e-commerce. Ini juga dapat mempromosikan praktik bisnis yang adil dan etis.</span></p><h2>2. Mendukung Pasar Tradisional</h2><p style=\"line-height:normal;margin-bottom:6.0pt;text-align:justify;\"><span style=\"font-family:&quot;Cambria&quot;,&quot;serif&quot;;\">Kebijakan dapat dirancang untuk memberikan insentif kepada pelanggan untuk kembali ke pasar tradisional. Misalnya, program-program diskon atau penghargaan dapat diberikan kepada mereka yang berbelanja di toko fisik.</span></p><h2>3. Pelatihan dan Keterampilan</h2><p style=\"line-height:normal;margin-bottom:6.0pt;text-align:justify;\"><span style=\"font-family:&quot;Cambria&quot;,&quot;serif&quot;;\">Kebijakan TI dapat mengalokasikan sumber daya untuk melatih pedagang tradisional agar dapat beradaptasi dengan tren digital. Ini mungkin melibatkan pelatihan dalam manajemen online, promosi digital, atau peningkatan keamanan data.</span></p><h2>4. Pengembangan Ekosistem Digital Lokal</h2><p style=\"line-height:normal;margin-bottom:6.0pt;text-align:justify;\"><span style=\"font-family:&quot;Cambria&quot;,&quot;serif&quot;;\">Pemerintah dapat berperan dalam memfasilitasi pengembangan ekosistem digital lokal yang mendukung bisnis lokal. Ini dapat mencakup pembangunan infrastruktur teknologi yang diperlukan.</span></p><h2>5. Kolaborasi dengan Platform E-commerce</h2><p style=\"line-height:normal;margin-bottom:6.0pt;text-align:justify;\"><span style=\"font-family:&quot;Cambria&quot;,&quot;serif&quot;;\">Kebijakan TI dapat mendorong kerjasama antara platform e-commerce seperti TikTok Shop dan pedagang tradisional. Hal ini dapat menciptakan kemitraan yang saling menguntungkan.</span></p><h2>Menciptakan Keseimbangan</h2><p style=\"line-height:normal;margin-bottom:6.0pt;text-align:justify;\"><span style=\"font-family:&quot;Cambria&quot;,&quot;serif&quot;;\">Tujuan utama dari struktur kebijakan tata kelola TI dalam konteks ini adalah menciptakan keseimbangan antara kemajuan teknologi dan keberlangsungan pasar tradisional. Dengan penerapan strategi dan langkah-langkah yang efektif, pasar tradisional memiliki potensi luar biasa untuk tidak hanya bertahan tetapi juga berkembang, sambil memberikan pelanggan kesempatan tak tertandingi untuk menikmati banyak keuntungan dari belanja online.</span></p><h2>****</h2><p style=\"line-height:normal;margin-bottom:6.0pt;text-align:justify;\"><span style=\"font-family:&quot;Cambria&quot;,&quot;serif&quot;;\">Di era yang secara besar dipengaruhi<span>&nbsp; </span>oleh TikTok Shop dan belanja online, penting untuk memahami peran struktur kebijakan tata kelola TI dalam menciptakan rekonsiliasi antara dunia digital dan dunia fisik. Upaya kolaboratif oleh pemerintah, perusahaan, dan platform e-commerce memiliki kekuatan untuk membina lingkungan yang harmonis dan kuat, di mana kedua entitas tidak hanya dapat bertahan tetapi juga berkembang. Dengan demikian, dapat ditemukan titik temu antara TikTok Shop dan pasar tradisional, memungkinkan keduanya bersaing secara bersamaan.</span></p>', 'gambar/4.jpg'),
(3, 'Sabtu, 08 Juni 2024 | 12:48', 'Pentingnya Manajemen Risiko dalam Kerangka Pikir Tata Kelola TI', '<p style=\"text-align:justify;\">Tata kelola teknologi informasi (TI) memiliki peran kunci dalam operasi bisnis dan organisasi kontemporer. Menghadapi kemajuan teknologi yang cepat dan eksponensial, menjadi suatu keharusan mutlak bagi setiap entitas untuk membangun kerangka tata kelola yang kokoh dalam mengawasi teknologi informasi. Komponen dasar yang tak boleh diabaikan dalam ranah tata kelola TI yang efektif adalah manajemen risiko.</span></p><h2>1. Mengidentifikasi Ancaman dan Peluang</h2><p style=\"line-height:normal;margin-bottom:6.0pt;text-align:justify;\"><span style=\"font-family:&quot;Cambria&quot;,&quot;serif&quot;;\">Manajemen risiko dalam konteks tata kelola TI membantu organisasi dalam mengenali potensi ancaman dan peluang yang terkait dengan teknologi informasi. Dengan pemahaman yang lebih mendalam tentang risiko yang mungkin mereka hadapi, organisasi dapat merancang pendekatan yang lebih efisien untuk melindungi sumber daya digital mereka dan memanfaatkan peluang teknologi yang ada.</span></p><h2>2. Melindungi Data Sensitif</h2><p style=\"line-height:normal;margin-bottom:6.0pt;text-align:justify;\"><span style=\"font-family:&quot;Cambria&quot;,&quot;serif&quot;;\">Pelanggaran data merupakan ancaman besar dalam pengelolaan TI. Peran manajemen risiko di sini sangat penting dalam membantu organisasi mengembangkan kebijakan penting dan melaksanakan tindakan yang bertujuan memperkuat perlindungan data sensitif. Pentingnya ini semakin ditekankan oleh perluasan peraturan privasi data, seperti GDPR dan CCPA. Sebagai hasilnya, manajemen risiko yang efektif menjadi dasar yang tak terelakkan baik untuk kepatuhan maupun perlindungan data.</span></p><h2>3. Menilai Dampak Keuangan</h2><p style=\"line-height:normal;margin-bottom:6.0pt;text-align:justify;\"><span style=\"font-family:&quot;Cambria&quot;,&quot;serif&quot;;\">Manajemen risiko TI memainkan peran sangat penting dalam menilai dampak finansial yang mungkin timbul akibat gangguan dalam dunia teknologi. Gangguan tersebut melibatkan berbagai skenario, termasuk biaya pemulihan setelah serangan siber, kerugian keuangan yang timbul akibat gangguan layanan, dan pengeluaran hukum terkait pelanggaran keamanan data. Dengan pemahaman yang mendalam tentang risiko ini, organisasi dapat lebih cermat dalam mengalokasikan sumber daya berharga mereka, sehingga memungkinkan mereka untuk menghadapi dan mengatasi tantangan-tantangan yang besar ini dengan efisien.</span></p><h2>4. Kepatuhan terhadap Regulasi</h2><p style=\"line-height:normal;margin-bottom:6.0pt;text-align:justify;\"><span style=\"font-family:&quot;Cambria&quot;,&quot;serif&quot;;\">Berbagai sektor menerapkan aturan ketat terkait dengan keamanan dan privasi data, yang menghasilkan lanskap kepatuhan yang rumit. Manajemen risiko menjadi sahabat yang sangat penting, membantu organisasi untuk patuh terhadap kerangka kerja regulasi ini dengan cermat mengarahkan metodologi TI mereka sesuai dengan norma-norma industri yang jelas. Pentingnya kepatuhan ini melampaui hanya menghindari denda keuangan; ia juga mencakup perlindungan reputasi organisasi, faktor utama dalam membangun dan mempertahankan kepercayaan di kalangan pemangku kepentingan.</span></p><h2>5. Mendukung Pengambilan Keputusan yang Tepat</h2><p style=\"line-height:normal;margin-bottom:6.0pt;text-align:justify;\"><span style=\"font-family:&quot;Cambria&quot;,&quot;serif&quot;;\">Manajemen risiko TI juga memainkan peran penting dalam mendukung pengambilan keputusan yang berdasarkan informasi yang tepat mengenai investasi TI. Dengan pemahaman menyeluruh tentang risiko yang terkait dengan setiap proyek atau inisiatif TI, organisasi memiliki kemampuan untuk membuat keputusan yang lebih berpengetahuan dan memberikan prioritas kepada proyek-proyek yang memiliki dampak positif yang paling signifikan.</span></p><h2>****</h2><p style=\"line-height:normal;margin-bottom:6.0pt;text-align:justify;\"><span style=\"font-family:&quot;Cambria&quot;,&quot;serif&quot;;\">Di era digital yang semakin kompleks, manajemen risiko merupakan komponen vital dari kerangka tata kelola TI yang kuat. Melalui identifikasi, pengukuran, dan pengelolaan risiko dengan efektif, organisasi dapat melindungi aset mereka, memenuhi kewajiban regulasi, dan mendukung pertumbuhan yang berkelanjutan. Oleh karena itu, manajemen risiko harus menjadi bagian integral dari setiap strategi tata kelola TI yang berhasil.</span></p>', 'gambar/3.jpg'),
(4, 'Sabtu, 08 Juni 2024 | 13:32', 'Urgensi IT Goveranance dalam Meningkatkan Keamanan Data Perusahaan', '<p style=\"text-align:justify;\">Di era digital yang terus berkembang, perusahaan dihadapkan pada tantangan signifikan dalam mengamankan data sensitif mereka. Meningkatnya ancaman siber dan tuntutan regulasi yang ketat menegaskan urgensi tata kelola TI yang kuat. Dalam artikel ini, kita akan menjelajahi mengapa tata kelola TI sangat penting dan bagaimana perannya dapat secara signifikan meningkatkan keamanan data perusahaan.</span></p><h2>1. Urgensi Tata Kelola TI Pada Perusahaan</h2><p style=\"line-height:normal;margin-bottom:6.0pt;text-align:justify;\"><span style=\"font-family:&quot;Cambria&quot;,&quot;serif&quot;;\">Kerangka kerja tata kelola TI mencakup kebijakan, prosedur, dan praktik untuk mengelola teknologi informasi dalam sebuah organisasi, membantu dalam mengidentifikasi, melindungi, mendeteksi, merespons, dan memulihkan data perusahaan terkait keamanan data. Urgensinya terletak pada kemampuannya untuk menjaga integritas, kerahasiaan, dan ketersediaan data.</span></p><h2>2. Keamanan Data sebagai Prioritas Utama</h2><p style=\"line-height:normal;margin-bottom:6.0pt;text-align:justify;\"><span style=\"font-family:&quot;Cambria&quot;,&quot;serif&quot;;\">Data adalah salah satu aset paling berharga bagi perusahaan modern. Pelanggaran data memiliki potensi untuk merusak citra perusahaan, menimbulkan kerugian finansial, dan membahayakan hubungan dengan pelanggan. Oleh karena itu, mengamankan data harus menjadi prioritas utama. Dan disinilah peran tata kelola TI masuk.</span></p><h2>3. Peran Tata Kelola TI dalam Meningkatkan Keamanan Data</h2><p style=\"line-height:normal;margin-bottom:6.0pt;text-align:justify;\"><span style=\"font-family:&quot;Cambria&quot;,&quot;serif&quot;;\">Pengidentifikasian Risiko: Tata kelola TI membantu perusahaan dalam mengidentifikasi potensi risiko keamanan data. Ini mencakup ancaman internal dan eksternal serta kerentanan keamanan dalam sistem.</span></p><p style=\"line-height:normal;margin-bottom:6.0pt;text-align:justify;\"><span style=\"font-family:&quot;Cambria&quot;,&quot;serif&quot;;\">Perlindungan Data: Dengan kebijakan dan tindakan yang tepat, tata kelola TI membantu melindungi data perusahaan dari akses yang tidak sah. Ini mencakup enkripsi data, konfigurasi hak akses, dan pemantauan aktivitas mencurigakan.</span></p><p style=\"line-height:normal;margin-bottom:6.0pt;text-align:justify;\"><span style=\"font-family:&quot;Cambria&quot;,&quot;serif&quot;;\">Deteksi Ancaman: Tata kelola TI memungkinkan perusahaan mendeteksi ancaman siber lebih awal, sehingga tindakan pencegahan dapat diambil sebelum kerusakan signifikan terjadi. Deteksi dini mungkin melibatkan penggunaan perangkat lunak keamanan canggih dan pemantauan jaringan terus-menerus.</span></p><p style=\"line-height:normal;margin-bottom:6.0pt;text-align:justify;\"><span style=\"font-family:&quot;Cambria&quot;,&quot;serif&quot;;\">Respons Cepat: Dalam kasus pelanggaran keamanan, tata kelola TI membantu perusahaan merespons dengan cepat untuk meminimalkan dampak. Ini melibatkan perencanaan respons darurat, isolasi sumber ancaman, dan langkah-langkah untuk membatasi kerusakan lebih lanjut.</span></p><p style=\"line-height:normal;margin-bottom:6.0pt;text-align:justify;\"><span style=\"font-family:&quot;Cambria&quot;,&quot;serif&quot;;\">Pemulihan Data: Dalam situasi darurat seperti serangan ransomware atau kehilangan data, tata kelola TI memfasilitasi pemulihan data yang cepat dan efisien. Ini mencakup cadangan data rutin, pengujian pemulihan data, dan perencanaan pemulihan bencana yang kuat.</span></p><h2>4. Implementasi Tata Kelola TI yang Efektif</h2><p style=\"line-height:normal;margin-bottom:6.0pt;text-align:justify;\"><span style=\"font-family:&quot;Cambria&quot;,&quot;serif&quot;;\">Pengelolaan Akses: Mengendalikan akses ke data dan sistem kunci adalah bagian penting dari tata kelola TI. Ini melibatkan penugasan hak akses yang sesuai kepada setiap anggota tim dan memastikan bahwa hanya individu yang berwenang yang memiliki akses ke data sensitif.</span></p><p style=\"line-height:normal;margin-bottom:6.0pt;text-align:justify;\"><span style=\"font-family:&quot;Cambria&quot;,&quot;serif&quot;;\">Pelatihan Karyawan : Memberikan pelatihan yang sesuai kepada karyawan mengenai praktik keamanan data. Seringkali, pelanggaran keamanan terjadi karena kesalahan manusia. Dengan memberikan pelatihan yang memadai, perusahaan dapat mengurangi risiko ini.</span></p><p style=\"line-height:normal;margin-bottom:6.0pt;text-align:justify;\"><span style=\"font-family:&quot;Cambria&quot;,&quot;serif&quot;;\">Kepatuhan Regulasi: Memastikan bahwa perusahaan mematuhi semua regulasi yang berlaku dalam perlindungan data. Kepatuhan seringkali memiliki konsekuensi hukum yang signifikan, dan tata kelola TI harus dirancang untuk memastikan kepatuhan ini.</span></p><p style=\"line-height:normal;margin-bottom:6.0pt;text-align:justify;\"><span style=\"font-family:&quot;Cambria&quot;,&quot;serif&quot;;\"><span>&nbsp;</span>Tata kelola TI bukan lagi pilihan, tetapi suatu kebutuhan mendesak bagi perusahaan yang ingin menjaga keamanan data mereka. Melalui pengidentifikasian risiko, perlindungan data, deteksi ancaman potensial, respons cepat, dan pemulihan data, tata kelola TI memainkan peran penting dalam memastikan kontinuitas bisnis dan keamanan data.</span></p><h2>****</h2><p style=\"line-height:normal;margin-bottom:6.0pt;text-align:justify;\"><span style=\"font-family:&quot;Cambria&quot;,&quot;serif&quot;;\">Oleh karena itu, berinvestasi dalam tata kelola TI yang kuat adalah langkah strategis yang tidak bisa diabaikan oleh perusahaan saat ini. Janganlah menganggap keamanan data sebagai beban, melainkan sebagai investasi untuk melindungi masa depan perusahaan Anda. Dengan tata kelola TI yang efektif, Anda dapat menjaga kepercayaan pelanggan, menghindari kerugian finansial, dan tetap berada di garis depan dalam menghadapi ancaman siber yang selalu berkembang. Ingatlah bahwa data adalah aset berharga yang perlu dijaga secara cermat, dan tata kelola TI yang efektif adalah solusi untuk mencapai hal ini.</span></p>', 'gambar/2.jpg'),
(5, 'Sabtu, 08 Juni 2024 | 13:50', 'Peran GRC & Kontrol Internal COSO sebagai Penyelamat UMKM', '<p style=\"text-align:justify;\">Dunia bisnis mengalami transformasi dramatis dengan kemunculan TikTok Shop, platform e-commerce yang semakin populer. Meskipun TikTok Shop membuka peluang besar bagi penjual besar maupun skala kecil untuk menjangkau audiens yang lebih luas, dampaknya juga bisa menghantui UMKM (Usaha Mikro, Kecil, dan Menengah) dan pasar tradisional.</span></p><h2>Tantangan bagi UMKM di Era TikTok Shop</h2><p style=\"line-height:normal;margin-bottom:6.0pt;text-align:justify;\"><span style=\"font-family:&quot;Cambria&quot;,&quot;serif&quot;;\">Di era TikTok Shop yang penuh dengan kecepatan dan persaingan, UMKM merasa tertekan. Pelanggan, yang dulunya setia berbelanja di toko lokal atau pasar tradisional, kini beralih ke kemudahan berbelanja online. Hal ini telah mengakibatkan sepi pada pasar tradisional dan UMKM yang kesulitan bersaing dengan penjual online yang lebih besar.</span></p><p style=\"line-height:normal;margin-bottom:6.0pt;text-align:justify;\"><span style=\"font-family:&quot;Cambria&quot;,&quot;serif&quot;;\">Namun, di tengah tantangan-tantangan ini, ada sinar harapan yang muncul. Peran GRC (Governance, Risk, and Compliance) dan kontrol internal COSO (Committee of Sponsoring Organizations of the Treadway Commission) muncul sebagai penyelamat potensial bagi UMKM.&nbsp;</span></p><h2>Peran GRC dalam Menjaga Kelangsungan UMKM</h2><p style=\"line-height:normal;margin-bottom:6.0pt;text-align:justify;\"><span style=\"font-family:&quot;Cambria&quot;,&quot;serif&quot;;\">GRC adalah pendekatan yang membantu organisasi mengelola risiko, mematuhi peraturan, dan menjaga tata kelola yang baik. Bagi UMKM, GRC dapat menjadi sangat penting dalam beberapa hal:</span></p><ul style=\"list-style-type:disc;\"><li><p style=\"line-height:normal;margin-bottom:6.0pt;text-align:justify;\"><span style=\"font-family:&quot;Cambria&quot;,&quot;serif&quot;;\">Identifikasi Risiko: UMKM dapat menggunakan GRC untuk mengidentifikasi risiko yang terkait dengan berjualan online, seperti risiko keamanan data dan penipuan.</span></p></li><li><p style=\"line-height:normal;margin-bottom:6.0pt;text-align:justify;\"><span style=\"font-family:&quot;Cambria&quot;,&quot;serif&quot;;\">Kepatuhan Regulasi: GRC membantu UMKM mematuhi regulasi yang mengatur e-commerce, memastikan agar tidak terjerat masalah hukum.</span></p></li><li><p style=\"line-height:normal;margin-bottom:6.0pt;text-align:justify;\"><span style=\"font-family:&quot;Cambria&quot;,&quot;serif&quot;;\">Strategi Keamanan: UMKM dapat mengembangkan strategi keamanan TI yang efektif untuk melindungi data pelanggan dan transaksi mereka dengan bantuan GRC.</span></p></li></ul><h2>Kontrol Internal COSO untuk Mengelola Bisnis Online</h2><p style=\"line-height:normal;margin-bottom:6.0pt;text-align:justify;\"><span style=\"font-family:&quot;Cambria&quot;,&quot;serif&quot;;\">Kontrol Internal COSO adalah kerangka kerja yang berfokus pada kontrol internal perusahaan. Bagi UMKM yang menjalankan bisnis online, COSO dapat membantu dalam beberapa hal:</span></p><ul style=\"list-style-type:disc;\"><li><p style=\"line-height:normal;margin-bottom:6.0pt;text-align:justify;\"><span style=\"font-family:&quot;Cambria&quot;,&quot;serif&quot;;\">Pengendalian Keuangan: COSO membantu UMKM menjaga pengendalian keuangan, termasuk mengelola uang yang mereka terima dari penjualan online.</span></p></li><li><p style=\"line-height:normal;margin-bottom:6.0pt;text-align:justify;\"><span style=\"font-family:&quot;Cambria&quot;,&quot;serif&quot;;\">Perlindungan Data: Kontrol Internal COSO membantu melindungi data pelanggan dan data bisnis dari potensi pelanggaran data.</span></p></li><li><p style=\"line-height:normal;margin-bottom:6.0pt;text-align:justify;\"><span style=\"font-family:&quot;Cambria&quot;,&quot;serif&quot;;\">Pelaporan yang Akurat: COSO memastikan bahwa laporan keuangan dan operasional yang akurat dihasilkan, yang sangat penting dalam lingkungan bisnis online.</span></p></li></ul><h2>Simbiosis GRC dan Kontrol Internal COSO</h2><p style=\"line-height:normal;margin-bottom:6.0pt;text-align:justify;\"><span style=\"font-family:&quot;Cambria&quot;,&quot;serif&quot;;\">Ketika GRC dan Kontrol Internal COSO digabungkan, UMKM memiliki kemampuan luar biasa untuk menciptakan tempat yang aman dan terorganisir dalam lingkup bisnis mereka. Fusion luar biasa ini memberi mereka kemampuan untuk mengarungi perairan yang penuh ketidakpastian dengan kecakapan yang luar biasa, mematuhi prinsip-prinsip tata kelola dengan kesetiaan yang teguh, serta memupuk ikatan kepercayaan dan ketergantungan di antara klien terhormat mereka.</span></p><p style=\"line-height:normal;margin-bottom:6.0pt;text-align:justify;\"><span style=\"font-family:&quot;Cambria&quot;,&quot;serif&quot;;\">Dihadapkan pada penyebaran TikTok Shop, UMKM harus belajar dan mengadopsi praktik GRC dan Kontrol Internal COSO. Ini bukan hanya masalah bertahan, tetapi juga berkembang dalam era e-commerce yang terus berkembang dengan cepat. Dengan keseimbangan yang tepat antara inovasi teknologi dan manajemen yang baik, UMKM dapat terus tumbuh dan bersaing dalam dunia e-commerce yang semakin ramai.</span></p><h2>****</h2><p style=\"line-height:normal;margin-bottom:6.0pt;text-align:justify;\"><span style=\"font-family:&quot;Cambria&quot;,&quot;serif&quot;;\">Saat TikTok Shop mengambil alih panggung e-commerce, UMKM harus beradaptasi untuk bertahan. GRC dan Kontrol Internal COSO adalah alat yang dapat membantu UMKM menghadapi tantangan ini dan berperan sebagai penyelamat untuk mengelola bisnis mereka dengan efektif dan berkelanjutan di era baru ini. Dengan strategi yang tepat, UMKM memiliki kemampuan untuk berkembang dan bersaing dengan sengit dalam dunia e-commerce yang dinamis.</span></p>', 'gambar/5.jpg'),
(6, 'Sabtu, 08 Juni 2024 | 14:13', 'Peran Kunci Aktiva Manusia dalam Meningkatkan Tata Kelola TI', '<p style=\"text-align:justify;\">Teknologi Informasi (TI) telah menjadi tulang punggung banyak organisasi modern. Implementasi strategis teknologi informasi memiliki kemampuan untuk memberikan keunggulan yang luar biasa atas pesaing dan memberdayakan perusahaan untuk berkembang dengan cepat. Namun, meskipun mesin yang rumit dan program-program canggih adalah komponen yang tidak dapat diabaikan dalam dunia teknologi informasi, keterlibatan signifikan manusia dalam pengawasan dan regulasi teknologi mutakhir ini adalah sangat penting, jika tidak melebihi pentingnya, jika bukan melebihi pentingnya.</span></p><h2>Mengapa Aktiva Manusia Penting dalam Tata Kelola TI?</h2><h2>1) Kebijakan dan Manajemen</h2><p style=\"line-height:normal;margin-bottom:6.0pt;text-align:justify;\"><span style=\"font-family:&quot;Cambria&quot;,&quot;serif&quot;;\">Manusia adalah yang merumuskan kebijakan strategis dalam manajemen TI. Mereka merencanakan infrastruktur, mengelola proyek TI, dan memastikan bahwa sumber daya digunakan secara efisien.</span></p><h2>2) Keamanan Informasi</h2><p style=\"line-height:normal;margin-bottom:6.0pt;text-align:justify;\"><span style=\"font-family:&quot;Cambria&quot;,&quot;serif&quot;;\">Keamanan data dan informasi adalah salah satu perhatian utama dalam TI. Aktiva manusia bertanggung jawab untuk mengidentifikasi risiko, menerapkan kebijakan keamanan, dan merespons dengan cepat insiden keamanan.</span></p><h2>3) Inovasi dan Pengembangan</h2><p style=\"line-height:normal;margin-bottom:6.0pt;text-align:justify;\"><span style=\"font-family:&quot;Cambria&quot;,&quot;serif&quot;;\">Manusia menciptakan perangkat lunak, aplikasi, dan solusi TI inovatif. Mereka merancang produk baru yang dapat meningkatkan efisiensi dan produktivitas organisasi.</span></p><h2>4) Keterlibatan Pengguna Akhir</h2><p style=\"line-height:normal;margin-bottom:6.0pt;text-align:justify;\"><span style=\"font-family:&quot;Cambria&quot;,&quot;serif&quot;;\">Aktiva manusia berinteraksi dengan sistem TI dan pengguna akhir. Mereka memberikan pelatihan, dukungan teknis, dan memastikan penggunaan TI yang efektif di seluruh organisasi.</span></p><h2>5) Kendali dan Kepatuhan</h2><p style=\"line-height:normal;margin-bottom:6.0pt;text-align:justify;\"><span style=\"font-family:&quot;Cambria&quot;,&quot;serif&quot;;\">Kendali manusia diperlukan untuk mematuhi regulasi dan standar yang berlaku. Mereka mengaudit proses TI, memastikan kepatuhan, dan menghindari sanksi hukum.</span></p><h2>Kendali dalam Tata Kelola TI</h2><p style=\"line-height:normal;margin-bottom:6.0pt;text-align:justify;\"><span style=\"font-family:&quot;Cambria&quot;,&quot;serif&quot;;\">Kendali dalam tata kelola TI mencakup berbagai aspek:</span></p><ol style=\"padding-left:50px;\"><li><p style=\"line-height:normal;margin-bottom:6.0pt;margin-right:0cm;margin-top:0cm;text-align:justify;\"><span style=\"font-family:&quot;Cambria&quot;,&quot;serif&quot;;\">Manajemen Risiko: Aktiva manusia harus mengidentifikasi, mengevaluasi, dan mengelola risiko yang terkait dengan TI. Ini mencakup manajemen risiko keamanan, operasional, dan strategis.</span></p></li><li><p style=\"line-height:normal;margin-bottom:6.0pt;margin-right:0cm;margin-top:0cm;text-align:justify;\"><span style=\"font-family:&quot;Cambria&quot;,&quot;serif&quot;;\">Kebijakan dan Prosedur: Manusia perlu merancang dan mengimplementasikan kebijakan dan prosedur yang mengatur penggunaan dan pengelolaan TI dalam organisasi.</span></p></li><li><p style=\"line-height:normal;margin-bottom:6.0pt;margin-right:0cm;margin-top:0cm;text-align:justify;\"><span style=\"font-family:&quot;Cambria&quot;,&quot;serif&quot;;\">Pengendalian Akses: Pengawasan akses ke sistem dan data yang penting adalah kendali yang kritis. Aktiva manusia memastikan bahwa hanya individu yang berwenang yang dapat mengakses informasi sensitif.</span></p></li><li><p style=\"line-height:normal;margin-bottom:6.0pt;margin-right:0cm;margin-top:0cm;text-align:justify;\"><span style=\"font-family:&quot;Cambria&quot;,&quot;serif&quot;;\">Pemantauan Kinerja: Pemantauan dan pengawasan adalah aspek penting dalam tata kelola TI. Aktiva manusia seharusnya memantau kinerja sistem dan merespons masalah yang muncul.</span></p></li><li><p style=\"line-height:normal;margin-bottom:6.0pt;margin-right:0cm;margin-top:0cm;text-align:justify;\"><span style=\"font-family:&quot;Cambria&quot;,&quot;serif&quot;;\">Pengembangan Keamanan: Terus-menerus meningkatkan keamanan TI dengan memahami perkembangan teknologi dan ancaman keamanan baru adalah tugas yang vital.</span></p></li></ol><p style=\"line-height:normal;margin-bottom:6.0pt;text-align:justify;\"><span style=\"font-family:&quot;Cambria&quot;,&quot;serif&quot;;\">Di era digital, peran aktiva manusia dalam tata kelola Teknologi Informasi tidak dapat digantikan. Mereka memainkan peran kritis dalam merumuskan kebijakan strategis, menjaga keamanan informasi, mendorong inovasi, dan memastikan penggunaan TI yang efektif.&nbsp;</span></p><h2>****</h2><p style=\"line-height:normal;margin-bottom:6.0pt;text-align:justify;\"><span style=\"font-family:&quot;Cambria&quot;,&quot;serif&quot;;\">Dengan penerapan mekanisme kendali yang kuat dan efisien dalam tata kelola teknologi informasi, organisasi dapat mengoptimalkan dan meningkatkan keuntungan mereka, sekaligus mengurangi risiko potensial dan meningkatkan efektivitas operasional mereka secara keseluruhan. Oleh karena itu, alokasi sumber daya untuk meningkatkan kapital manusia yang terkait dengan TI adalah kebijakanfinansial yang bijaksana bagi setiap entitas.&nbsp;</span></p>', 'gambar/6.jpg'),
(7, 'Minggu, 09 Juni 2024 | 13:22', 'Strategi Manajemen Waktu untuk Belajar yang Efektif bagi Mahasiswa', '<p style=\"text-align:justify;\">Belajar efektif merupakan pijakan penting bagi mahasiswa untuk meraih keberhasilan akademis. Namun, seringkali tantangan terbesar yang dihadapi adalah kemampuan untuk mengelola waktu secara bijaksana, terutama di tengah jadwal yang padat dan beragamnya tuntutan. Dalam artikel ini, kita akan menyelami beberapa strategi manajemen waktu yang terbukti efektif bagi mahasiswa, membantu mereka mengatasi hambatan tersebut dan mencapai hasil belajar yang optimal.</p><p style=\"text-align:justify;\"><strong>Beberapa tips untuk memanajemen waktu bagi mahasiswa ialah:</strong></p><p style=\"text-align:justify;\">Untuk memulai, mahasiswa perlu memprioritaskan tugas-tugas mereka. Identifikasi tugas yang memiliki deadline tertentu dan urutkan berdasarkan tingkat urgensi dan pentingnya. Fokuslah pada yang paling penting terlebih dahulu untuk menghindari keterlambatan. Selanjutnya, penting untuk membuat jadwal yang fleksibel. Buatlah jadwal harian atau mingguan yang mencakup waktu untuk kuliah, belajar, dan istirahat. Jadikan jadwal tersebut sebagai panduan, tetapi tetap fleksibel untuk menyesuaikan dengan perubahan yang tak terduga.</p><p style=\"text-align:justify;\">Tidak hanya itu, manfaatkan teknologi untuk membantu manajemen waktu Anda. Ada banyak aplikasi atau perangkat lunak manajemen waktu yang dapat membantu Anda mengatur jadwal, menetapkan pengingat, dan melacak kemajuan Anda. Salah satu metode yang terbukti efektif adalah metode Pomodoro. Dengan metode ini, Anda bekerja selama 25 menit dan kemudian istirahat selama 5 menit. Siklus ini membantu menjaga fokus dan produktivitas Anda selama sesi belajar.</p><p style=\"text-align:justify;\">Selain itu, hindari prokrastinasi yang dapat mengganggu produktivitas Anda. Kenali pola prokrastinasi Anda dan temukan strategi untuk mengatasi hal itu, seperti membagi tugas menjadi bagian-bagian kecil yang lebih mudah diselesaikan. Penting juga untuk menyediakan waktu untuk istirahat yang cukup. Keseimbangan antara belajar, istirahat, dan kegiatan sosial sangat penting untuk kesejahteraan mental dan fisik Anda.</p><p style=\"text-align:justify;\">Jangan lupakan pentingnya menjaga keseimbangan antara akademis dan kehidupan pribadi. Sisihkan waktu untuk melakukan aktivitas yang Anda nikmati di luar akademis, seperti olahraga, seni, atau berkumpul dengan teman-teman. Terakhir, evaluasi dan refleksikanlah terhadap manajemen waktu Anda secara teratur. Identifikasi apa yang berhasil dan apa yang tidak, dan buatlah penyesuaian sesuai kebutuhan Anda.&nbsp;</p><p style=\"text-align:justify;\">Dengan menerapkan strategi-strategi manajemen waktu yang telah disebutkan, mahasiswa dapat mengalami peningkatan efisiensi dalam proses belajar mereka. Hal ini juga dapat membantu mengurangi tingkat stres yang seringkali terkait dengan jadwal yang padat. Dengan demikian, mereka memiliki kesempatan yang lebih baik untuk mencapai hasil akademis yang lebih baik. Penting untuk memulai dengan langkah kecil, mengidentifikasi strategi yang paling sesuai dengan kebutuhan dan preferensi individu, sehingga dapat meraih kesuksesan dalam studi mereka.</p>', 'gambar/pndkan01.png'),
(8, 'Minggu, 09 Juni 2024 | 13:24', 'Beasiswa Sebagai Pembuka Pintu Menuju Pendidikan yang Berkualitas', '<p style=\"text-align:justify;\">Ketika mencari akses ke pendidikan yang berkualitas, beasiswa menjadi penyelamat bagi banyak individu. Beasiswa dapat memberikan kesempatan yang sama untuk mendapatkan pendidikan unggul kepada mereka yang kurang mampu secara finansial. Hal ini tidak hanya memberikan keuntungan bagi penerima beasiswa, tetapi juga meningkatkan kualitas pendidikan secara keseluruhan. Banyak institusi pendidikan dan lembaga swadaya masyarakat menawarkan berbagai jenis beasiswa.&nbsp;</p><p style=\"text-align:justify;\">Beasiswa bisa beragam, dari yang berbasis kebutuhan finansial hingga prestasi akademis atau ekstrakurikuler. Ini membuka peluang bagi berbagai kalangan untuk meraih akses pendidikan yang berkualitas tanpa memandang latar belakang finansial atau status sosial. Penerima beasiswa seringkali menunjukkan tingkat motivasi dan dedikasi yang tinggi terhadap pendidikan yang mereka terima. Mereka sepenuhnya menyadari nilai penting dari kesempatan yang diberikan kepada mereka dan dengan tekun mengejar prestasi akademis. Karakteristik ini membuat mereka menjadi aset yang berharga bagi institusi pendidikan yang memberikan dukungan kepada mereka.</p><p style=\"text-align:justify;\">Keberhasilan dan komitmen penerima beasiswa dalam mencapai prestasi akademis juga mencerminkan kualitas dan efektivitas dari program beasiswa itu sendiri, yang dapat memberikan insentif bagi institusi pendidikan untuk terus mendukung mereka dalam pencapaian tujuan akademis mereka. Selain menjadi alat untuk memberikan akses pendidikan yang berkualitas, beasiswa memiliki dampak yang lebih luas dalam masyarakat. Mereka tidak hanya memungkinkan individu yang kurang mampu untuk mengakses pendidikan, tetapi juga berperan sebagai agen perubahan sosial dan ekonomi yang positif.</p><p style=\"text-align:justify;\">Dengan memberikan kesempatan kepada mereka yang sebelumnya tidak memiliki akses, beasiswa membantu mengurangi kesenjangan pendidikan yang ada dan meningkatkan mobilitas sosial di masyarakat. Dengan demikian, beasiswa bukan hanya membuka pintu menuju pendidikan yang berkualitas, tetapi juga membawa harapan untuk kemajuan dan kesetaraan dalam akses terhadap pendidikan.</p><p style=\"text-align:justify;\">Namun, meskipun beasiswa dapat menjadi solusi bagi individu untuk memperoleh pendidikan yang berkualitas, tantangan yang signifikan masih tetap ada. Persaingan yang ketat dalam mendapatkan beasiswa seringkali menjadi kendala utama, dengan jumlah pelamar yang jauh lebih banyak daripada jumlah beasiswa yang tersedia. Proses aplikasi beasiswa juga dapat memakan waktu dan tenaga yang cukup besar, mengharuskan pelamar untuk menyusun dokumen-dokumen aplikasi yang lengkap dan meyakinkan. Tidak hanya itu, penerima beasiswa juga dihadapkan pada tekanan untuk mempertahankan kinerja akademis yang tinggi agar memenuhi persyaratan pemeliharaan beasiswa.</p><p style=\"text-align:justify;\">Kesimpulannya, beasiswa memiliki peran yang sangat penting dalam membuka pintu menuju pendidikan yang berkualitas. Mereka tidak hanya memberikan akses pendidikan kepada individu yang kurang mampu, tetapi juga membawa dampak positif bagi institusi pendidikan dan masyarakat secara keseluruhan. Dengan adanya dukungan lebih lanjut untuk program beasiswa, harapannya adalah bahwa lebih banyak individu yang dapat meraih impian mereka untuk mendapatkan pendidikan yang berkualitas.</p>', 'gambar/pndkan02.jpg'),
(9, 'Minggu, 09 Juni 2024 | 14:12', 'Peran CGI dalam Membentuk Imajinasi Pengalaman Menonton yang Memukai', '<p style=\"text-align:justify;\">Dalam era modern sinematografi, teknologi CGI (<i>Computer-Generated Imagery</i>) telah menjadi inti dari banyak produksi film. Kemampuannya untuk menciptakan dunia fantasi yang nyata dan mengesankan telah mengubah cara kita melihat dan merasakan film. Dengan CGI, pengalaman menonton menjadi lebih memikat, memperluas imajinasi kita melampaui batas-batas yang pernah ada sebelumnya. Teknologi ini tidak hanya meningkatkan kualitas visual film, tetapi juga menghadirkan pengalaman yang lebih mendalam dan menarik bagi penonton, menjadikannya elemen kunci dalam industri hiburan modern.</p><p style=\"text-align:justify;\"><strong>Keunggulan menggunakan CGI antara lain ialah:</strong></p><ol><li><p style=\"text-align:justify;\">Melampaui Batas Keterbatasan</p></li><li><p style=\"text-align:justify;\">Mendatangkan Keajaiban dalam Cerita</p></li><li><p style=\"text-align:justify;\">Menghidupkan Karakter dan Dunia Fantasi</p></li><li><p style=\"text-align:justify;\">Membawa Penonton ke Petualangan yang Tak Terlupakan</p></li><li><p style=\"text-align:justify;\">Menantang Batas Realitas</p></li><li><p style=\"text-align:justify;\">Membuat Dunia Hiburan Tak Terlupakan</p></li></ol><p style=\"text-align:justify;\">Teknologi CGI memungkinkan pembuat film untuk menciptakan apa pun yang mereka inginkan tanpa terkendala oleh keterbatasan fisik atau logistik. Dengan alat ini, mereka dapat menghadirkan makhluk fantastis, lanskap yang spektakuler, dan adegan aksi yang tak terbayangkan sebelumnya. Dengan bantuan CGI, cerita-cerita yang dulunya dianggap tidak mungkin untuk difilmkan sekarang dapat diwujudkan dengan detail yang luar biasa. Ini membuka pintu bagi adaptasi dari buku, komik, atau bahkan permainan video yang sebelumnya dianggap sulit atau tidak mungkin untuk dibawa ke layar lebar.</p><p style=\"text-align:justify;\">CGI tidak hanya memungkinkan penciptaan dunia dan objek visual yang fantastis, tetapi juga memberikan kehidupan pada karakter-karakter yang menarik. Dengan teknologi ini, karakter-karakter digital dapat mengekspresikan emosi dan berinteraksi secara autentik, menciptakan pengalaman yang mendalam bagi penonton, seolah-olah mereka berada di dalam dunia film itu sendiri. CGI membuka pintu bagi pengalaman menonton yang tak terlupakan, membawa penonton dalam petualangan epik yang sebelumnya hanya bisa kita bayangkan dalam imajinasi. Dengan adegan-aedgan yang memukau dan detail yang memukau, film-film yang menggunakan CGI mampu menghipnotis penonton dan membawa mereka ke dunia yang sama sekali baru.</p><p style=\"text-align:justify;\">Dengan kemampuan CGI untuk menciptakan efek visual yang menakjubkan, film-film modern dapat menantang batas-batas realitas dan memperluas imajinasi kita. Dari aksi luar biasa hingga dunia-dunia fiksi yang fantastis, teknologi ini membuka pintu bagi eksplorasi visual yang belum pernah terjadi sebelumnya. Teknologi CGI memberikan kebebasan kreatif kepada pembuat film untuk mengeksplorasi ide-ide baru dan menghadirkan visi mereka ke layar lebar tanpa terkendala oleh batasan teknologi. Ini memungkinkan mereka untuk mengejar imajinasi mereka dengan lebih banyak keberanian dan inovasi.</p><p style=\"text-align:justify;\">CGI tidak hanya tentang efek visual yang memukau, tetapi juga tentang mendalamnya pengalaman yang dapat ditawarkan kepada penonton. Dengan menggabungkan teknologi ini dengan cerita yang kuat dan karakter-karakter yang kompleks, film-film CGI menghadirkan pengalaman yang lebih dalam dan memikat. Keajaiban CGI dalam film telah menjadi sumber inspirasi bagi generasi berikutnya dari pembuat film dan penggemar hiburan. Banyak yang terinspirasi untuk mengeksplorasi dunia efek visual dan teknologi dalam seni film, membawa inovasi dan kreativitas baru ke industri.</p><p style=\"text-align:justify;\">Dengan perannya yang semakin dominan dalam dunia hiburan, CGI telah menjadi bagian tak terpisahkan dari pengalaman menonton yang tak terlupakan. Dengan kemampuannya untuk menciptakan dunia-dunia baru yang luar biasa dan karakter-karakter yang mengagumkan, teknologi ini terus memukau dan menginspirasi penonton di seluruh dunia. Film-film modern telah memanfaatkan keajaiban CGI untuk menghadirkan visual yang spektakuler dan menghidupkan cerita-cerita yang menarik. Dari aksi epik hingga fantasi yang memukau, penggunaan CGI telah membuka pintu bagi kreasi yang luar biasa, menjadikan pengalaman menonton menjadi lebih mendalam dan mengesankan bagi penonton di berbagai belahan dunia.</p>', 'gambar/hibran01.jpg');
INSERT INTO `artikel` (`id_artikel`, `tanggal`, `judul`, `isi`, `gambar`) VALUES
(10, 'Minggu, 09 Juni 2024 | 14:31', 'Menjelajahi Ragam Hidangan Idul Adha dari Berbagai Budaya', '<p style=\"text-align:justify;\">Idul Adha, atau Hari Raya Kurban, merupakan momen penting dalam agama Islam yang dirayakan dengan penuh makna. Praktik berkurban dan berbagi daging merupakan aspek penting dari perayaan ini, dimana umat Islam memperingati ketaatan Nabi Ibrahim kepada Allah. Namun, di tengah keberagaman budaya dan geografis, cara perayaan dan hidangan yang disajikan dapat sangat bervariasi, menunjukkan kekayaan tradisi dan budaya yang ada di setiap negara. Setiap negara memiliki tradisi dan hidangan khas yang menjadi bagian tak terpisahkan dari perayaan Idul Adha, mencerminkan keunikan dan keindahan warisan budaya yang dimiliki umat Islam di berbagai belahan dunia.</p><p style=\"text-align:justify;\"><strong>Kebanyakan Negara-Negara Muslim Memiliki Tradisi Berkurban</strong></p><p style=\"text-align:justify;\">Berkurban adalah praktik utama dalam perayaan Idul Adha di seluruh dunia, namun, hidangan yang disiapkan setelah penyembelihan hewan kurban bisa bervariasi tergantung pada kebiasaan lokal dan budaya masyarakat setempat.</p><p style=\"text-align:justify;\"><strong>Hidangan Khas Timur Tengah: Mandi atau Kabsa</strong></p><p style=\"text-align:justify;\">Di negara-negara Timur Tengah seperti Arab Saudi, Yordania, dan Lebanon, hidangan khas Idul Adha sering kali adalah Mandi atau Kabsa. Mandi atau Kabsa adalah hidangan nasi yang disajikan dengan daging kambing yang dimasak dengan rempah-rempah khas. Kedua hidangan ini menjadi favorit dalam perayaan Idul Adha karena cita rasanya yang kaya dan tekstur daging yang lembut. Keunikan rempah-rempah yang digunakan juga menambah aroma dan rasa yang menggugah selera.</p><p style=\"text-align:justify;\"><strong>Di Turki, Kebab menjadi Favorit Utama</strong></p><p style=\"text-align:justify;\">Di Turki, hidangan utama saat Idul Adha sering kali adalah kebab. Kebab merupakan daging yang dipanggang atau dipanggang dengan bumbu-bumbu khusus, dan disajikan dengan roti atau nasi, serta saus dan sayuran. Kebab menjadi pilihan populer karena rasa kaya rempahnya dan konsistensi daging yang lembut. Saus yang disajikan biasanya beragam, mulai dari saus tomat yang pedas hingga saus yogurt yang menyegarkan, menambah kompleksitas rasa dalam hidangan ini.</p><p style=\"text-align:justify;\"><strong>Hidangan Khas Asia Selatan: Biryani dan Korma</strong></p><p style=\"text-align:justify;\">Di negara-negara Asia Selatan seperti Pakistan, India, dan Bangladesh, hidangan khas Idul Adha sering kali adalah Biryani. Biryani adalah hidangan nasi yang disajikan dengan daging yang dimasak dengan rempah-rempah dan safron. Di samping Biryani, hidangan Korma juga sangat populer dalam perayaan Idul Adha di Asia Selatan. Korma adalah daging yang dimasak dalam saus kacang atau yogurt, memberikan cita rasa yang kaya dan lembut pada hidangan tersebut. Kombinasi rempah-rempah khas dan bahan-bahan segar menjadikan Biryani dan Korma sebagai hidangan yang dinantikan saat perayaan Idul Adha.</p><p style=\"text-align:justify;\"><strong>Berbagai Hidangan Spesial dari Afrika Utara</strong></p><p style=\"text-align:justify;\">Di negara-negara Afrika Utara seperti Maroko, Aljazair, dan Tunisia, hidangan Idul Adha sering kali melibatkan hidangan daging yang dimasak dengan rempah-rempah khas seperti Ras el Hanout. Ras el Hanout adalah campuran rempah-rempah tradisional yang kaya akan cita rasa. Daging yang dimasak dengan rempah-rempah ini kemudian disajikan dengan roti atau nasi, menciptakan hidangan yang lezat dan memuaskan untuk perayaan Idul Adha. Keunikan Ras el Hanout dalam hidangan tersebut memberikan sentuhan khas dan aroma yang menggugah selera.</p><p style=\"text-align:justify;\"><strong>Variasi Hidangan di Indonesia</strong></p><p style=\"text-align:justify;\">Di Indonesia, hidangan khas Idul Adha juga sangat bervariasi. Di beberapa daerah, seperti Jawa dan Sumatera, Rendaang Sapi, Rawon Daging, Gulai Kambing dan Sate Kambing sering kali menjadi hidangan utama dalam perayaan tersebut. Hidangan lezat ini menggugah selera dengan cita rasa rempah-rempah yang khas dan daging yang empuk. Di daerah lain seperti Sulawesi, hidangan berupa coto Makassar juga disajikan untuk merayakan Idul Adha, menunjukkan kekayaan kuliner dan keberagaman tradisi di Indonesia. Meskipun hidangan tersebut berbeda, semangat berkurban dan berbagi tetap menjadi inti dari perayaan Idul Adha di seluruh negeri.</p><p style=\"text-align:justify;\">Perbedaan hidangan Idul Adha dari satu negara ke negara lain mencerminkan kekayaan budaya dan tradisi yang beragam di seluruh dunia Muslim. Meskipun bahan dan cara memasaknya bisa berbeda, semangat berbagi dan berkurban tetap menjadi inti dari perayaan ini. Salah satu aspek penting dari perayaan Idul Adha adalah berbagi daging kurban kepada yang membutuhkan. Di banyak negara, masyarakat biasanya membagikan daging kurban kepada keluarga, tetangga, dan yang membutuhkan.&nbsp;</p><p style=\"text-align:justify;\">Dengan menjelajahi ragam hidangan Idul Adha dari berbagai budaya, kita dapat memahami betapa pentingnya kuliner dalam mempertahankan warisan budaya dan tradisi. Melalui hidangan-hidangan tersebut, terbentang jembatan antara masa lalu dan masa kini, serta antara satu generasi dengan generasi berikutnya. Perayaan Idul Adha tidak hanya tentang berkurban, tetapi juga tentang menghargai keberagaman dan kekayaan budaya yang dimiliki oleh umat Islam di seluruh dunia. Setiap hidangan menyimpan cerita dan nilai-nilai yang melekat, mencerminkan nilai-nilai kebersamaan, keragaman, dan keberkahan dalam agama dan budaya Islam. Dengan merayakan keberagaman kuliner, kita juga merayakan kekayaan warisan budaya yang berdampak pada persatuan dan toleransi antarbangsa.</p>', 'gambar/kulnar01.jpg'),
(11, 'Minggu, 09 Juni 2024 | 15:03', 'Peran Teknologi dalam Transformasi Dunia Pendidikan Masa Depan', '<p style=\"text-align:justify;\">Dalam era digital yang terus berkembang, peran teknologi dalam transformasi dunia pendidikan semakin terlihat jelas. Teknologi telah menjadi kekuatan utama yang mempengaruhi cara kita belajar, mengajar, dan berinteraksi di lingkungan pendidikan. Dalam artikel ini, kami akan menjelajahi peran yang dimainkan oleh teknologi dalam membentuk masa depan pendidikan.</p><p style=\"text-align:justify;\"><strong>Aksesibilitas dan Keterjangkauan</strong></p><p style=\"text-align:justify;\">Teknologi telah membuka pintu bagi akses pendidikan yang lebih luas. Melalui platform daring dan aplikasi pendidikan, siswa dari berbagai latar belakang dan lokasi geografis dapat mengakses sumber daya pendidikan yang sebelumnya tidak tersedia bagi mereka. Hal ini membantu mengurangi kesenjangan pendidikan dan memberikan akses yang lebih merata bagi semua individu.</p><p style=\"text-align:justify;\"><strong>Personalisasi Pembelajaran</strong></p><p style=\"text-align:justify;\">Salah satu keunggulan teknologi dalam pendidikan adalah kemampuannya untuk mempersonalisasi pembelajaran. Dengan menggunakan analisis data dan kecerdasan buatan, platform pembelajaran dapat menyesuaikan pengalaman belajar untuk memenuhi kebutuhan, minat, dan tingkat pemahaman masing-masing siswa. Ini membantu meningkatkan efektivitas pembelajaran dan hasil akademis siswa.</p><p style=\"text-align:justify;\"><strong>Pembelajaran Interaktif</strong></p><p style=\"text-align:justify;\">Teknologi memungkinkan pembelajaran yang lebih interaktif melalui penggunaan simulasi, permainan edukatif, dan platform kolaboratif. Pendekatan ini tidak hanya meningkatkan keterlibatan siswa tetapi juga memperdalam pemahaman mereka terhadap materi pelajaran. Interaktivitas ini juga membantu membangun keterampilan sosial dan kolaboratif yang penting dalam dunia modern.</p><p style=\"text-align:justify;\"><strong>Transformasi Kurikulum</strong></p><p style=\"text-align:justify;\">Pemanfaatan teknologi telah mengubah paradigma kurikulum dan metode pengajaran. Sekarang ini, kurikulum dapat lebih fleksibel dan adaptif, dapat diperbarui secara real-time sesuai dengan perkembangan tren industri dan kebutuhan pasar kerja. Pendekatan berbasis proyek juga semakin populer, yang mendorong kreativitas, inovasi, dan kolaborasi di antara siswa.</p><p style=\"text-align:justify;\">Teknologi juga memfasilitasi evaluasi yang lebih holistik dan kontinyu terhadap kemajuan siswa. Dengan adopsi platform pembelajaran digital, guru dapat memberikan umpan balik secara real-time dan menganalisis data untuk mengidentifikasi area-area di mana siswa membutuhkan bantuan tambahan. Ini membantu dalam mengidentifikasi kebutuhan individu dan meningkatkan efektivitas pengajaran.</p><p style=\"text-align:justify;\">Meskipun potensi besar teknologi dalam pendidikan, masih ada tantangan dalam implementasinya. Infrastruktur yang kurang, akses yang tidak merata, dan kurangnya pelatihan guru menjadi hambatan utama yang perlu diatasi. Dengan mengatasi tantangan-tantangan ini, kita dapat memaksimalkan potensi teknologi dalam membentuk masa depan pendidikan yang lebih baik.</p><p style=\"text-align:justify;\"><strong>Pendidikan Inklusif dan Merata</strong></p><p style=\"text-align:justify;\">Visi masa depan pendidikan adalah pendidikan inklusif yang memberikan akses yang merata bagi semua individu. Teknologi memiliki peran sentral dalam mencapai visi ini dengan terus mendorong inovasi dan aksesibilitas yang lebih luas dalam dunia pendidikan. Dengan adopsi yang bijaksana, teknologi dapat membantu menciptakan masyarakat yang lebih cerdas, inklusif, dan berdaya saing.</p><p style=\"text-align:justify;\">Peran teknologi dalam transformasi dunia pendidikan masa depan sangatlah signifikan. Dengan penerapan yang tepat dan inklusif, teknologi memiliki potensi untuk merombak sistem pendidikan secara menyeluruh, membuka pintu bagi kesempatan belajar yang tak terbatas, dan membantu membentuk masyarakat yang lebih cerdas, inklusif, dan berdaya saing.</p>', 'gambar/pndkan03.jpg'),
(12, 'Minggu, 10 Juni 2024 | 15:12', 'Bagaimana Musik Mampu Membantu Kita Menurunkan Tingkat Stress?', '<p style=\"text-align:justify;\">Dalam kehidupan sehari-hari, musik menjadi obat yang efektif untuk meredakan stres. Penelitian menunjukkan bahwa mendengarkan musik yang disukai dapat memiliki dampak positif pada kesejahteraan emosional kita. Mari kita eksplorasi bagaimana musik dapat menjadi alat yang ampuh dalam mengurangi tingkat stres. Berbagai penelitian telah mengungkap bahwa musik memiliki kemampuan untuk mengurangi kadar hormon stress dan merangsang respon relaksasi dalam tubuh. Dengan demikian, mendengarkan musik yang disukai tidak hanya memberi kita kesenangan, tetapi juga membantu kita mengatasi tantangan sehari-hari dengan lebih tenang dan seimbang.</p><p style=\"text-align:justify;\"><strong>Beberapa alasan mengapa music bisa menurunkan tingkat stress ialah:</strong></p><ol><li><p style=\"text-align:justify;\">Mengalihkan Perhatian</p></li><li><p style=\"text-align:justify;\">Meningkatkan Relaksasi</p></li><li><p style=\"text-align:justify;\">Meningkatkan Ekspresi Diri</p></li><li><p style=\"text-align:justify;\">Sumber Ketenangan</p></li></ol><p style=\"text-align:justify;\">Salah satu cara musik membantu menurunkan tingkat stres adalah dengan mengalihkan perhatian kita dari pikiran yang meresahkan. Melalui melodi yang memikat dan lirik yang bermakna, musik mampu memperkuat fokus kita pada pengalaman mendengarkan, sehingga mengurangi intensitas stres yang dirasakan. Beberapa jenis musik, seperti musik klasik atau meditasi, diketahui dapat merangsang respon relaksasi dalam tubuh. Ini termasuk menurunkan detak jantung, menurunkan tekanan darah, dan mengurangi kadar hormon stres, seperti kortisol. Dengan demikian, musik dapat membantu menstabilkan kondisi fisik dan emosional kita.</p><p style=\"text-align:justify;\">Musik memiliki kekuatan untuk mengurai kekakuan emosional yang sering terkait dengan stres kronis. Ketika kita terhubung dengan melodi dan harmoni yang indah, kita dapat merasakan pelepasan dari ketegangan yang mengikat pikiran dan tubuh kita, memungkinkan kita untuk merasa lebih rileks dan terbuka secara emosional. Mendengarkan musik juga dapat menjadi saluran untuk mengekspresikan perasaan dan emosi yang sulit diungkapkan secara verbal. Dengan meresapi lirik dan melodi yang menggugah, kita dapat merasa lebih terhubung dengan diri kita sendiri dan menyampaikan atau menghadapi stres dengan cara yang lebih konstruktif.</p><p style=\"text-align:justify;\">Musik memiliki kekuatan untuk menghubungkan orang-orang dan membangun komunitas. Melalui berbagi lagu-lagu favorit atau menghadiri konser bersama, kita dapat merasakan dukungan sosial yang kuat, yang dapat mengurangi rasa sendirian dan meningkatkan kesejahteraan kita secara keseluruhan. Beberapa lagu atau jenis musik tertentu dapat menjadi pengingat yang kuat akan momen-momen pemulihan atau kebahagiaan dalam hidup kita. Mendengarkan musik yang terkait dengan pengalaman positif ini dapat membangkitkan perasaan bahagia dan menenangkan, membantu kita mengatasi stres yang mungkin kita alami.</p><p style=\"text-align:justify;\">Musik sering digunakan sebagai pengiring latihan fisik atau meditasi, membantu kita mencapai tingkat fokus dan ketenangan yang lebih tinggi. Rhythm dan tempo musik dapat memandu gerakan tubuh kita atau membantu menenangkan pikiran kita, menciptakan lingkungan yang mendukung relaksasi dan pemulihan. Memilih musik yang tepat untuk situasi tertentu dapat menciptakan lingkungan yang mendukung untuk meredakan stres. Misalnya, musik instrumental yang tenang dapat membantu menenangkan pikiran saat bekerja, sementara musik upbeat dan energik dapat meningkatkan semangat saat berolahraga atau membersihkan rumah.</p><p style=\"text-align:justify;\">Musik bukan hanya sekadar pelarian dari stres, tetapi juga menjadi penyeimbang emosi yang kuat dalam kehidupan sehari-hari. Dengan meresapi melodi yang menenangkan atau lagu-lagu yang memotivasi, kita dapat menciptakan suasana yang mendukung bagi kesejahteraan mental dan emosional kita, memastikan bahwa stres tidak menguasai kita, tetapi sebaliknya, kita yang mengendalikan stres dengan positif. Secara keseluruhan, musik memiliki kekuatan yang luar biasa untuk menjadi sumber kesejahteraan kita dalam menghadapi stres sehari-hari. Dengan mengintegrasikan musik ke dalam rutinitas kita, kita dapat menciptakan perangkat yang efektif untuk mengelola dan mengurangi tingkat stres, memungkinkan kita untuk merasakan kehidupan dengan lebih tenang dan bahagia.</p>', 'gambar/hibran02.jpg'),
(13, 'Senin, 10 Juni 2024 | 13:29', 'Membangun Lingkungan Belajar yang Inklusif, Ramah, dan Efektif', '<p style=\"text-align:justify;\">Membangun lingkungan belajar yang inklusif, ramah, dan efektif adalah tujuan yang sangat penting dalam dunia pendidikan saat ini. Lingkungan belajar yang ideal adalah tempat di mana setiap individu merasa diterima, dihargai, dan didukung dalam perjalanan mereka untuk mencapai potensi maksimal mereka. Salah satu aspek kunci dari lingkungan belajar yang ideal adalah inklusi. Inklusi berarti menyambut keanekaragaman dalam segala bentuknya, termasuk latar belakang budaya, sosial, ekonomi, dan kebutuhan belajar. Dalam lingkungan inklusif, setiap individu merasa diakui dan didukung dalam perbedaan mereka, sehingga memperkuat keterhubungan di antara semua anggota komunitas belajar.</p><p style=\"text-align:justify;\">Lingkungan belajar yang ramah adalah lingkungan di mana setiap individu merasa nyaman dan aman untuk berpartisipasi dan berekspresi. Ini melibatkan menciptakan atmosfer yang mendukung, penuh kasih, dan bersahabat, di mana setiap suara didengar dan dihargai. Guru dan rekan sejawat memiliki peran penting dalam menciptakan atmosfer yang ramah ini dengan mendengarkan dengan empati dan menghargai perspektif yang berbeda.</p><p style=\"text-align:justify;\"><strong>Meningkatkan Kualitas Pembelajaran dan Hasil Akademis</strong></p><p style=\"text-align:justify;\">Sementara inklusi dan keramahan penting dalam pembangunan lingkungan belajar yang ideal, efektivitas juga merupakan faktor yang tidak boleh diabaikan. Lingkungan belajar yang efektif adalah lingkungan di mana pembelajaran terjadi secara optimal, dan hasil akademis yang tinggi dapat dicapai oleh semua siswa. Ini melibatkan penggunaan strategi pengajaran yang inovatif, evaluasi yang berkelanjutan, dan dukungan individual yang tepat untuk setiap siswa.</p><p style=\"text-align:justify;\"><strong>Strategi Membangun Lingkungan Belajar yang Baik</strong></p><p style=\"text-align:justify;\">Ada beberapa strategi yang dapat digunakan untuk membangun lingkungan belajar yang inklusif, ramah, dan efektif. Pertama, penting untuk mendengarkan dan memahami kebutuhan dan perspektif setiap individu dalam komunitas belajar. Kedua, praktik-praktik pengajaran yang mendukung kerja sama, kolaborasi, dan diskusi aktif harus diperkuat. Ketiga, penggunaan teknologi dapat menjadi alat yang sangat efektif untuk meningkatkan aksesibilitas dan mendukung pembelajaran yang personal dan adaptif.</p><p style=\"text-align:justify;\"><strong>Tantangan dan Peluang di Masa Depan</strong></p><p style=\"text-align:justify;\">Meskipun pentingnya membangun lingkungan belajar yang inklusif, ramah, dan efektif, masih ada tantangan yang perlu diatasi. Tantangan tersebut termasuk kurangnya sumber daya, ketidaksetaraan akses, dan kurangnya kesadaran akan pentingnya inklusi dalam pendidikan. Namun, dengan tantangan tersebut juga hadir peluang untuk terus meningkatkan dan memperbaiki sistem pendidikan kita, sehingga dapat memberikan dampak positif yang lebih besar bagi semua individu.</p><p style=\"text-align:justify;\">Membangun lingkungan belajar yang inklusif, ramah, dan efektif bukanlah tugas yang mudah, tetapi merupakan investasi yang sangat penting untuk masa depan pendidikan yang lebih baik. Dengan menciptakan lingkungan belajar yang mendukung, kita dapat membantu setiap individu mencapai potensi mereka yang sebenarnya, menciptakan masyarakat yang lebih cerdas, inklusif, dan berdaya saing. Sebagai pemangku kepentingan dalam pendidikan, kita semua memiliki peran penting dalam membangun masa depan pendidikan yang lebih baik untuk semua.</p>', 'gambar/pndkan04.jpg'),
(14, 'Senin, 10 Juni 2024 | 15:54', 'Rekomendasi Menu Makanan Favorit Khas Lebaran Idul Adha', '<p style=\"text-align:justify;\">Idul Adha, atau yang juga dikenal sebagai Hari Raya Kurban, merupakan salah satu perayaan penting dalam agama Islam yang diperingati dengan berkurban dan berbagi daging kepada yang membutuhkan. Selain ibadah berkurban, hidangan-hidangan lezat juga menjadi bagian tak terpisahkan dari perayaan ini. Berikut adalah beberapa rekomendasi menu makanan favorit khas Lebaran Idul Adha yang dapat menyemarakkan suasana perayaan.</p><p style=\"text-align:justify;\"><strong>1.&nbsp;</strong><span><strong> </strong></span><strong>Rendang</strong></p><p style=\"text-align:justify;\">Pada perayaan Idul Adha, rendang sering kali menjadi pilihan hidangan utama yang disajikan di meja makan keluarga Muslim. Rendang, dengan citarasa rempah yang khas dan daging sapi yang empuk, menawarkan kelezatan yang tak terlupakan bagi para penikmatnya. Proses memasak rendang pun sering kali menjadi momen yang spesial dan dihargai, karena memerlukan waktu yang cukup lama dan ketelatenan. Potongan daging sapi yang dimasak dalam santan kental dan rempah-rempah yang meresap menghasilkan hidangan yang gurih, beraroma, dan lezat.</p><p style=\"text-align:justify;\"><strong>2. Rawon</strong></p><p style=\"text-align:justify;\">Rawon, terkenal akan kuah hitamnya yang pekat dan rempah-rempahnya yang khas, sering menjadi menu istimewa dalam perayaan Idul Adha. Proses memasak rawon yang membutuhkan waktu dan kesabaran, dengan bumbu-bumbu seperti kluwek, lengkuas, dan kencur, menciptakan hidangan yang sarat dengan cita rasa dan sejarah. Daging sapi yang dimasak dalam kuah rawon yang kaya dan aromatik, tidak hanya memanjakan lidah, tetapi juga mengingatkan umat Islam akan makna berkurban dan berbagi rezeki dalam perayaan Idul Adha.&nbsp;</p><p style=\"text-align:justify;\"><strong>3. Nasi Kebuli</strong></p><p style=\"text-align:justify;\">Nasi kebuli, dengan ciri khasnya yang tak pernah pudar, tetap menjadi primadona dalam perayaan Idul Adha. Hidangan nasi berbumbu ini, dihiasi dengan daging kambing atau domba yang lembut serta aromatik, mengundang selera bagi para penyantapnya. Bumbu-bumbu seperti kapulaga, cengkeh, dan kayu manis, turut memperkaya cita rasa yang unik dan memikat pada setiap suapan nasi kebuli. Nasi Kebuli juga menjadi simbol kesederhanaan dan kebersamaan dalam perayaan Idul Adha, mengingatkan kita akan semangat berbagi dan pengorbanan.&nbsp;</p><p style=\"text-align:justify;\"><strong>4. Gulai Kambing</strong></p><p style=\"text-align:justify;\">Gulai kambing juga menjadi menu favorit saat perayaan Idul Adha. Daging kambing yang dimasak dalam kuah santan yang kental dengan tambahan rempah-rempah seperti kunyit, jahe, dan serai memberikan cita rasa yang gurih dan lezat. Gulai kambing biasanya disajikan dengan nasi putih hangat atau ketupat. Kehadiran gulai kambing dalam hidangan perayaan Idul Adha juga melambangkan kemurahan hati dan semangat berbagi. Proses memasaknya yang membutuhkan perhatian dan kesabaran seringkali menjadi momen yang berharga bagi keluarga. Dalam setiap suapan gulai kambing, terasa hangatnya kerinduan akan kebersamaan dan kebahagiaan dalam berbagi rezeki, sesuai dengan nilai-nilai yang ditekankan dalam perayaan Idul Adha.</p><p style=\"text-align:justify;\"><strong>5. Sate Kambing</strong></p><p style=\"text-align:justify;\">Sate kambing adalah hidangan yang tak boleh terlewatkan di meja makan saat perayaan Idul Adha. Potongan daging kambing yang ditusuk dengan bambu kemudian dipanggang dengan bumbu kacang yang kaya rasa. Sate kambing biasanya disajikan dengan lontong atau nasi, lengkap dengan bumbu kacang yang pedas dan gurih. Keberadaan sate kambing dalam hidangan perayaan Idul Adha juga mencerminkan semangat kebersamaan dan kerukunan antaranggota keluarga serta umat Muslim. Proses memasaknya yang melibatkan kolaborasi dan kerjasama, seringkali menjadi momen yang membahagiakan bagi semua yang terlibat. Dalam setiap tusukan sate kambing, terasa hangatnya kebersamaan dan kebahagiaan dalam berbagi kenikmatan bersama keluarga dan sesama umat Muslim.</p><p style=\"text-align:justify;\"><strong>6. Biryani</strong></p><p style=\"text-align:justify;\">Biryani adalah hidangan nasi berbumbu yang kaya akan rempah-rempah dan biasanya disajikan dengan daging kambing atau domba. Nasi berwarna kuning kecoklatan ini memiliki aroma yang harum dan cita rasa yang lezat. Biryani dapat disajikan dengan acar dan saus yogurt sebagai pelengkapnya. Kehadiran biryani dalam hidangan perayaan Idul Adha juga melambangkan kekayaan budaya dan keragaman cita rasa yang dijunjung tinggi oleh umat Muslim di berbagai belahan dunia. Proses pembuatannya yang melibatkan perpaduan rempah-rempah khas serta teknik memasak yang khas, seringkali menjadi titik temu berbagai tradisi kuliner.&nbsp;</p><p style=\"text-align:justify;\"><strong>7. Ketupat Sayur</strong></p><p style=\"text-align:justify;\">Ketupat sayur adalah hidangan tradisional yang terbuat dari ketupat yang dimasak dalam kuah sayuran dengan tambahan santan dan rempah-rempah. Biasanya, ketupat sayur disajikan dengan telur rebus, tahu, dan tempe sebagai pelengkapnya. Hidangan ini memberikan rasa yang gurih dan segar, cocok untuk disantap bersama keluarga di hari raya Idul Adha. Pembuatannya yang melibatkan penggunaan bahan-bahan sederhana namun bercita rasa tinggi, seringkali menjadi titik temu antara berbagai tradisi kuliner yang beragam. Dalam setiap sajian ketupat sayur, terasa kehangatan semangat kebersamaan dan kedamaian, yang menjadi bagian integral dari semangat perayaan Idul Adha.</p><p style=\"text-align:justify;\"><strong>8. Sop Kambing</strong></p><p style=\"text-align:justify;\">Sop kambing adalah hidangan sup yang terbuat dari daging kambing yang dimasak dalam kuah bening yang gurih. Potongan daging kambing yang lembut dan tambahan sayuran seperti wortel dan kentang membuat hidangan ini menjadi pilihan yang nyaman untuk dinikmati di hari raya Idul Adha. Proses memasaknya yang melibatkan perpaduan berbagai bahan dan teknik memasak yang khas, seringkali menjadi momen yang penuh kehangatan dan kebahagiaan bagi semua yang terlibat. Dalam setiap sendok sop kambing, terasa kelezatan dan kehangatan semangat berbagi dalam merayakan makna Idul Adha.</p><p style=\"text-align:justify;\"><strong>9. Es Campur</strong></p><p style=\"text-align:justify;\">Untuk hidangan penutup, es campur menjadi pilihan yang segar dan lezat. Es campur terdiri dari campuran potongan buah-buahan segar, agar-agar, dan es serut yang disiram dengan sirup gula merah atau susu kental manis. Hidangan ini sangat cocok untuk menyegarkan tenggorokan setelah menikmati hidangan khas Lebaran Idul Adha yang kaya rempah.</p>', 'gambar/kulnar02.jpg'),
(15, 'Senin, 10 Juni 2024 | 15:54', 'Pilihan Destinasi Liburan Keluarga di Yogyakarta yang Mengasyikkan', '<p style=\"text-align:justify;\">Liburan bersama keluarga adalah waktu yang tepat untuk mengeksplorasi beragam destinasi wisata yang menarik. Di Yogyakarta,tersedia sejumlah tempat yang cocok untuk dinikmati bersama keluarga, menawarkan pengalaman yang mengasyikkan dan berkesan bagi semua anggota keluarga.Berikut adalah beberapa pilihan destinasi liburan keluarga yang mengasyikkan di Yogyakarta:</p><p style=\"text-align:justify;\"><strong>1. Taman Pintar Yogyakarta</strong></p><p style=\"text-align:justify;\">Taman Pintar adalah destinasi rekreasi yang sangat interaktif, menawarkan berbagai wahana yang mengedukasi dan menghibur, terutama bagi anak-anak. Pengunjung dapat menikmati berbagai permainan dan eksperimen sains yang menarik, serta mengeksplorasi atraksi teknologi yang seru di dalamnya. Selain itu, Taman Pintar juga menjadi tempat yang ideal untuk anak-anak belajar sambil bermain, memungkinkan mereka untuk mengeksplorasi konsep-konsep ilmiah dengan cara yang menyenangkan. Taman Pintar Yogyakarta dapat menjadi pilihan yang tepat untuk liburan keluarga yang menyenangkan.</p><p style=\"text-align:justify;\"><strong>2. Taman Sari</strong></p><p style=\"text-align:justify;\">Taman Sari adalah kompleks bersejarah yang merupakan bagian dari keraton Yogyakarta, menawarkan pengalaman wisata yang kaya akan budaya dan sejarah. Pengunjung dapat menjelajahi area taman yang luas, menikmati keindahan arsitektur dan kolam-kolam yang indah, serta belajar tentang kehidupan kerajaan Yogyakarta di masa lalu. Selain sebagai tempat wisata, Taman Sari juga menjadi tempat yang menarik untuk memahami sejarah dan tradisi lokal, dengan beragam artefak dan informasi yang tersedia. Dengan pesonanya yang unik dan atmosfir yang tenang, Taman Sari adalah tempat yang tepat untuk mengeksplorasi sejarah dan kebudayaan Yogyakarta bersama keluarga.</p><p style=\"text-align:justify;\"><strong>3. Taman Pelangi</strong></p><p style=\"text-align:justify;\">Taman Pelangi adalah destinasi yang sangat cocok untuk keluarga, menawarkan berbagai wahana permainan yang aman dan menyenangkan untuk anak-anak. Di sini, anak-anak dapat menikmati berbagai macam permainan seperti ayunan, perosotan, dan jungle gym dalam area bermain yang luas. Taman ini menyajikan pengalaman bermain yang menyenangkan bagi anak-anak, sambil memberikan kesempatan untuk berinteraksi dengan sesama pengunjung. Dengan suasana yang riang dan fasilitas yang lengkap, Taman Pelangi menjadi tempat yang sempurna untuk menghabiskan waktu bersama keluarga dalam suasana yang menyenangkan.</p><p style=\"text-align:justify;\"><strong>4. Pantai Sedahan</strong></p><p style=\"text-align:justify;\">Pantai Sedahan adalah destinasi pantai yang sangat ramah keluarga, menawarkan pasir putih yang lembut dan air yang tenang untuk dinikmati bersama. Pengunjung dapat menikmati berbagai aktivitas seperti berenang, berjemur, atau sekadar bermain pasir di tepi pantai yang indah ini. Pantai ini juga menyediakan fasilitas yang memadai, seperti area bermain anak dan warung makan, sehingga pengunjung dapat menghabiskan waktu dengan nyaman di sini. Dengan pemandangan yang menakjubkan dan suasana yang tenang, Pantai Sedahan menjadi destinasi yang sempurna untuk liburan keluarga yang menyenangkan.</p><p style=\"text-align:justify;\"><strong>5. Kebun Binatang Gembira Lokal</strong></p><p style=\"text-align:justify;\">Kebun Binatang Gembira Loka adalah tempat yang menarik untuk dikunjungi bersama keluarga, menampilkan berbagai jenis hewan dari dalam dan luar negeri. Pengunjung dapat menikmati pengalaman unik melihat berbagai satwa dari dekat, serta belajar tentang keanekaragaman hayati dengan cara yang menyenangkan. Selain menyajikan hiburan, kebun binatang ini juga berperan dalam pelestarian spesies dan pendidikan lingkungan, menjadikannya destinasi yang edukatif untuk anak-anak. Dengan suasana yang ramah dan beragamnya koleksi hewan, Kebun Binatang Gembira Loka menjadi pilihan yang tepat untuk menghabiskan waktu bersama keluarga.</p><p style=\"text-align:justify;\"><strong>6. Museum Ullen Sentalu</strong></p><p style=\"text-align:justify;\">Museum Ullen Sentalu adalah tempat yang mengesankan untuk mengetahui lebih dalam tentang warisan budaya Jawa, terutama seputar keraton dan keluarga kerajaan Yogyakarta. Pengunjung dapat menjelajahi koleksi seni dan artefak yang indah, serta memahami konteks sejarah dan budaya Jawa melalui pengantar yang informatif di dalam museum. Museum ini menawarkan pengalaman yang mendalam tentang kehidupan dan tradisi masyarakat Jawa, dengan pemandangan yang indah dan atmosfer yang tenang. Dengan kesempatan untuk belajar dan menghargai warisan budaya, Museum Ullen Sentalu adalah destinasi yang bermanfaat dan menghibur bagi seluruh anggota keluarga.</p><p><span style=\"font-family:&quot;Calibri&quot;,&quot;sans-serif&quot;;font-size:11.0pt;\"><span style=\"line-height:115%;\">Dengan memilih salah satu atau beberapa destinasi wisata yang disebutkan di atas, Anda dan keluarga dapat menikmati waktu yang menyenangkan dan bermanfaat di Yogyakarta. Kunjungan ke tempat-tempat yang mengasyikkan dan mendidik ini akan memberikan pengalaman liburan yang tak terlupakan bagi Anda dan anak-anak, menjadikannya sebagai momen yang berkesan dalam petualangan keluarga Anda. Liburan bersama anak akan menjadi lebih berkesan dengan mengunjungi tempat-tempat yang mengasyikkan dan mendidik seperti ini.</span></span></p>', 'gambar/wisata01.jpg'),
(16, 'Senin, 10 Juni 2024 | 16:10', 'Manajemen Inflasi untuk Meningkatkan Ketahanan Ekonomi Jawa Timur', '<p style=\"text-align:justify;\">Artikel ini akan membahas tentang tingkat inflasi di beberapa kabupaten dan kota di Jawa Timur pada bulan Juli 2023. Data ini diambil dari situs Badan Pusat Statistik. Data inflasi dari BPS sangat penting untuk mengukur stabilitas ekonomi. Artikel ini, akan fokus pada tren inflasi, mengidentifikasi beberapa kabupaten dan kota dengan tingkat inflasi tertinggi dan terendah, serta memberikan rekomendasi dan strategi untuk menjaga stabilitas harga pada tahun 2024. Sepanjang proses ini, kita akan menekankan pentingnya kerja sama antara pemerintah, sektor swasta, dan lembaga terkait dalam menghadapi tantangan inflasi.</p><p style=\"text-align:justify;\">Inflasi adalah fenomena ekonomi yang sangat berpengaruh dan memiliki dampak yang signifikan pada kehidupan sehari-hari masyarakat. Kenaikan harga barang dan jasa dapat memengaruhi daya beli, tabungan, dan pertumbuhan ekonomi secara keseluruhan. Oleh karena itu, pemantauan dan analisis tingkat inflasi sangat penting untuk menjaga stabilitas ekonomi suatu daerah. Dalam artikel ini, kita akan menganalisis data inflasi yang diperoleh dari Badan Pusat Statistik (BPS) dari berbagai kabupaten dan kota di Jawa Timur pada bulan Juli 2023.</p><h4 style=\"text-align:justify;\"><strong>I. Analisis Data Inflasi dari beberapa Kabupaten / Kota di Jawa Timur pada bulan Juli 2023</strong></h4><h6 style=\"text-align:justify;\"><strong><br>1. Tingkat Inflasi Rata-Rata</strong></h6><p style=\"text-align:justify;\">Tingkat inflasi rata-rata di seluruh kabupaten dan kota di Jawa Timur pada bulan Juli 2023 adalah sekitar 0,09%. Ini menunjukkan bahwa, secara umum, provinsi Jawa Timur mengalami tingkat inflasi yang cukup rendah.</p><h6 style=\"text-align:justify;\"><strong>2. Kabupaten/Kota dengan Inflasi Tertinggi</strong></h6><p style=\"text-align:justify;\">Dari data, terlihat bahwa Kota Malang memiliki tingkat inflasi tertinggi sebesar 0,19%, diikuti oleh Kota Kediri dengan 0,16%. Dua kota ini mengalami kenaikan harga yang lebih signifikan dibandingkan dengan kabupaten dan kota lainnya.</p><h6 style=\"text-align:justify;\"><strong>3. Kabupaten/Kota dengan Inflasi Terendah</strong></h6><p style=\"text-align:justify;\">Kabupaten Sumenep mencatat inflasi negatif sebesar -0,08%, menandakan penurunan harga selama periode itu. Fenomena ini perlu mendapat perhatian karena dapat mengindikasikan masalah ekonomi yang lebih dalam di kabupaten Sumenep.</p><p style=\"text-align:justify;\">&nbsp;</p><h4 style=\"text-align:justify;\"><strong>II. Faktor-Faktor yang Mempengaruhi Tingkat Inflasi</strong></h4><p style=\"text-align:justify;\">Fluktuasi harga dalam suatu daerah dipengaruhi oleh berbagai faktor ekonomi dan non-ekonomi. Beberapa faktor yang mungkin memengaruhi tingkat inflasi di kabupaten dan kota di Jawa Timur antara lain ialah:</p><h6 style=\"text-align:justify;\"><strong>a. Pertumbuhan Ekonomi</strong></h6><p style=\"text-align:justify;\">Kabupaten atau kota dengan pertumbuhan ekonomi tinggi cenderung mengalami inflasi yang lebih tinggi karena meningkatnya permintaan konsumen dan investasi.</p><h6 style=\"text-align:justify;\"><strong>b. Harga Energi</strong></h6><p style=\"text-align:justify;\">Kenaikan harga energi, seperti harga BBM, dapat berdampak besar pada inflasi karena hampir semua sektor ekonomi menggunakan energi dalam proses produksinya.</p><h6 style=\"text-align:justify;\"><strong>c. Kebijakan Moneter</strong></h6><p style=\"text-align:justify;\">Kebijakan moneter yang diterapkan oleh Bank Indonesia dapat memengaruhi tingkat inflasi. Misalnya peningkatan suku bunga dapat mengurangi permintaan konsumen dan mengendalikan inflasi.</p><h6 style=\"text-align:justify;\"><strong>d. Ketersediaan dan Permintaan Barang dan Jasa</strong></h6><p style=\"text-align:justify;\">Ketidakseimbangan antara penawaran dan permintaan barang dan jasa dapat memengaruhi harga. Jika permintaan melebihi penawaran maka harga cenderung naik.</p><p style=\"text-align:justify;\">&nbsp;</p><h4 style=\"text-align:justify;\"><strong>III. Kabupaten &amp; Kota dengan dengan tingkat Inflasi Rendah &amp; Tinggi di Jawa Timur pada Bulan Juli 2023</strong></h4><p style=\"text-align:justify;\">Terdapat beberapadaerah dengan tingkat tingkat inflasi Rendah &amp; Tinggi di Jawa Timur pada Bulan Juli 2023diantaranya ialah:</p><h6 style=\"text-align:justify;\"><strong>a. Kabupaten/Kota dengan Inflasi Rendah</strong></h6><p style=\"text-align:justify;\">Kabupaten Banyuwangi (0,4 %) dan Kota Probolinggo (0,9 %) adalah contoh kabupaten/kota dengan tingkat inflasi rendah pada Juli 2023. Hal ini mengindikasikan stabilitas harga dan pertumbuhan ekonomi yang sehat di wilayah ini. Kabupaten dan kota ini dapat dijadikan model bagi wilayah lain dalam menjaga inflasi tetap rendah. Salah satu pendekatan yang dapat diterapkan adalah mendorong investasi dalam berbagai sektor ekonomi yang memiliki potensi untuk tumbuh. Dengan pertumbuhan ekonomi yang kuat, permintaan konsumen dan investasi dapat dijaga dalam keseimbangan dan dapat mencegah tekanan inflasi yang berlebihan.</p><h6 style=\"text-align:justify;\"><strong>b. Kabupaten/Kota dengan Inflasi Tinggi</strong></h6><p style=\"text-align:justify;\">Kota Malang (0,19 %) dan Kota Kediri (0,16 %) ialah contoh kota dengan tingkat inflasi tertinggi pada Juli 2023. Tingkat inflasi yang tinggi dapat merugikan masyarakat karena mengurangi daya beli mereka. Pemerintah daerah perlu mengidentifikasi faktor-faktor yang menyebabkan inflasi tinggi dan mengambil langkah-langkah yang sesuai untuk mengendalikannya. Salah satu langkah yang dapat diambil adalah mengevaluasi apakah terdapat faktor-faktor tertentu, seperti kenaikan harga properti atau biaya hidup, yang berkontribusi pada inflasi tinggi. Dengan memahami penyebabnya, pemerintah daerah dapat membuat kebijakan untuk mengendalikan inflasi agar lebih efektif pada tahun 2024. Dalam mengatasi inflasi tinggi, kerja sama antara pemerintah, sektor swasta, dan lembaga terkait akan menjadi kuncinya.</p><h4 style=\"text-align:justify;\"><br><strong>IV. Rekomendasi dan Strategi untuk Tahun 2024</strong></h4><p style=\"text-align:justify;\">Berdasarkan analisis data inflasi Juli 2023, dibawah ini ialah beberapa rekomendasi dan strategi yang perlu dipertimbangkan untuk tahun 2024:</p><h6 style=\"text-align:justify;\"><strong>1. Pemantauan Berkesinambungan</strong></h6><p style=\"text-align:justify;\">Penting untuk terus memantau data inflasi secara rutin dan menyelidiki perubahan signifikan. Hal ini akan memungkinkan tindakan yang cepat dan tepat dalam menghadapi tren inflasi yang merugikan.</p><h6 style=\"text-align:justify;\"><strong>2. Peningkatan Kerja Sama dengan BPS</strong></h6><p style=\"text-align:justify;\">Kerja sama yang erat dengan Badan Pusat Statistik (BPS) sangat penting untuk memperoleh data yang akurat dan berkualitas.</p><h6 style=\"text-align:justify;\"><strong>3. Keterlibatan Sektor Swasta</strong></h6><p style=\"text-align:justify;\">Sektor swasta, termasuk bisnis dan lembaga perbankan, dapat berperan dalam mengendalikan inflasi dengan mematuhi prinsip-prinsip bisnis yang bertanggung jawab dan berkontribusi pada stabilitas harga.</p><h6 style=\"text-align:justify;\"><strong>4. Memahami Faktor-Faktor Tertentu</strong></h6><p style=\"text-align:justify;\">Kabupaten/kota dengan tingkat inflasi tinggi perlu memahami faktor-faktor khusus yang berkontribusi pada inflasi. Ini dapat melibatkan peninjauan kebijakan harga dan pasokan barang dan jasa.</p><h6 style=\"text-align:justify;\"><strong>5. Strategi Investasi</strong></h6><p style=\"text-align:justify;\">Pemerintah daerah dapat merancang strategi investasi yang berfokus pada sektor-sektor yang memiliki potensi pertumbuhan, menciptakan lapangan kerja, dan menjaga stabilitas harga.</p><p style=\"text-align:justify;\"><br><strong>****</strong></p><p style=\"text-align:justify;\">Analisis data inflasi di kabupaten dan kota di Jawa Timur pada bulan Juli 2023 memberikan wawasan berharga tentang situasi ekonomi regional. Meskipun inflasi umumnya rendah, terdapat variasi yang signifikan antara kabupaten dan kota. Kabupaten dan kota dengan inflasi tinggi perlu mengambil langkah-langkah yang sesuai untuk mengendalikannya, sementara kabupaten dan kota dengan inflasi rendah dapat menjadi contoh sukses dalam menjaga stabilitas harga. Pentingnya kerja sama antara pemerintah, sektor swasta, dan lembaga terkait dalam menghadapi inflasi tidak boleh diabaikan. Dengan pemahaman yang baik tentang faktor-faktor yang memengaruhi tingkat inflasi dan penerapan strategi yang tepat, Jawa Timur dapat mempertahankan stabilitas ekonomi dan memastikan pertumbuhan yang baik pada tahun 2024 dan seterusnya.</p>', 'gambar/kuan01.jpg'),
(17, 'Senin, 10 Juni 2024 | 16:56', 'Tips Packing Terbaik untuk Perjalanan Ringan dan Efisien', '<p style=\"text-align:justify;\">Mengemas barang untuk perjalanan bisa menjadi tugas yang menantang, namun dengan beberapa tips packing terbaik, Anda dapat membuat prosesnya lebih ringan dan efisien. Ada beberapa strategi yang bisa membantu Anda mengemas barang dengan cerdas. Juga tetap mempertahankan kenyamanan selama perjalanan. Berikut adalah beberapa strategi untuk membantu Anda mengemas barang dengan cerdas dan tetap mempertahankan kenyamanan selama perjalanan Anda.</p><p style=\"text-align:justify;\"><strong>Tips packing yang paling penting untuk perjalanan:</strong></p><ol><li><p style=\"text-align:justify;\"><strong>Rencanakan packing dengan cermat.</strong></p></li><li><p style=\"text-align:justify;\"><strong>Pilih tas yang sesuai.</strong></p></li><li><p style=\"text-align:justify;\"><strong>Bawa perlengkapan medis penting.</strong></p></li><li><p style=\"text-align:justify;\"><strong>Tetap praktis dan minimalis.</strong></p></li></ol><p style=\"text-align:justify;\">Pastikan Anda merencanakan pakaian dengan cermat sesuai dengan kebutuhan dan cuaca destinasi yang akan Anda kunjungi. Pilihlah pakaian serbaguna yang dapat dipadukan dengan berbagai cara untuk mengurangi jumlah barang yang harus Anda bawa, sehingga Anda dapat tetap ringan dan efisien selama perjalanan. Selain itu, perhatikan juga aktivitas yang akan Anda lakukan selama liburan. Jika Anda berencana untuk melakukan kegiatan outdoor, pastikan untuk membawa pakaian yang sesuai seperti jaket hujan atau sepatu yang nyaman.</p><p style=\"text-align:justify;\">Gulung pakaian Anda daripada melipatnya untuk menghemat ruang di dalam koper Anda. Teknik ini tidak hanya menghemat ruang, tetapi juga membantu mengurangi kerutan pada pakaian Anda.<span> </span>Investasikan dalam tas packing cube atau organizer untuk membantu Anda mengatur dan memisahkan pakaian, aksesori, dan barang-barang lainnya di dalam koper Anda. Ini akan membuat mencari barang menjadi lebih mudah dan mengurangi kekacauan di dalam koper.</p><p style=\"text-align:justify;\">Bawalah hanya barang-barang penting dan hindari membawa barang yang tidak perlu. Tinjau kembali daftar barang bawaan Anda dan pertimbangkan apakah Anda benar-benar membutuhkannya selama perjalanan. Manfaatkan ruang kosong di dalam sepatu Anda untuk menyimpan barang-barang kecil seperti kaus kaki, pakaian dalam, atau bahkan kemasan kosmetik. Ini membantu mengoptimalkan penggunaan ruang di dalam koper Anda.</p><p style=\"text-align:justify;\">Pilihlah tas yang ringan dan tahan air untuk membawa barang-barang penting seperti ponsel, kamera, dokumen perjalanan, dan uang tunai. Pastikan tas tersebut juga nyaman untuk dibawa selama perjalanan. Pertimbangkan untuk membawa peralatan dan aksesori serbaguna yang dapat digunakan untuk berbagai keperluan, seperti senter multi-fungsi, handuk mikrofiber yang ringan, dan botol minum lipat.</p><p style=\"text-align:justify;\">Gunakan plastik pembungkus atau kantong resleting untuk menyimpan barang-barang cair seperti sabun, sampo, atau parfum agar tidak tumpah di dalam koper Anda. Selalu letakkan mereka di dalam kantong tertutup untuk menghindari kebocoran yang tidak diinginkan. Terakhir, jangan lupa untuk memeriksa batas berat dan dimensi bagasi yang ditetapkan oleh maskapai penerbangan Anda sebelum Anda berangkat. Ini akan membantu Anda menghindari biaya tambahan dan memastikan perjalanan Anda berjalan lancar.</p>', 'gambar/wisata02.jpeg');
INSERT INTO `artikel` (`id_artikel`, `tanggal`, `judul`, `isi`, `gambar`) VALUES
(18, 'Senin, 10 Juni 2024 | 19:17', 'Cara UMKM Memproses Kebijakan dan Menyelaraskan Bisnis dengan Teknologi Informasi', '<p style=\"text-align:justify;\">Artikel ini akan membahas tentang tingkat inflasi di beberapa kabupaten dan kota di Jawa Timur pada bulan Juli 2023. Data ini diambil dari situs Badan Pusat Statistik. Data inflasi dari BPS sangat penting untuk mengukur stabilitas ekonomi. Artikel ini, akan fokus pada tren inflasi, mengidentifikasi beberapa kabupaten dan kota dengan tingkat inflasi tertinggi dan terendah, serta memberikan rekomendasi dan strategi untuk menjaga stabilitas harga pada tahun 2024. Sepanjang proses ini, kita akan menekankan pentingnya kerja sama antara pemerintah, sektor swasta, dan lembaga terkait dalam menghadapi tantangan inflasi.</p><p style=\"text-align:justify;\">Inflasi adalah fenomena ekonomi yang sangat berpengaruh dan memiliki dampak yang signifikan pada kehidupan sehari-hari masyarakat. Kenaikan harga barang dan jasa dapat memengaruhi daya beli, tabungan, dan pertumbuhan ekonomi secara keseluruhan. Oleh karena itu, pemantauan dan analisis tingkat inflasi sangat penting untuk menjaga stabilitas ekonomi suatu daerah. Dalam artikel ini, kita akan menganalisis data inflasi yang diperoleh dari Badan Pusat Statistik (BPS) dari berbagai kabupaten dan kota di Jawa Timur pada bulan Juli 2023.</p><h4>I. Analisis Data Inflasi dari beberapa Kabupaten / Kota di Jawa Timur pada bulan Juli 2023</h4><ol><li><p style=\"text-align:justify;\"><strong>Tingkat Inflasi Rata-Rata</strong></p></li></ol><p style=\"text-align:justify;\">Tingkat inflasi rata-rata di seluruh kabupaten dan kota di Jawa Timur pada bulan Juli 2023 adalah sekitar 0,09%. Ini menunjukkan bahwa, secara umum, provinsi Jawa Timur mengalami tingkat inflasi yang cukup rendah.</p><ol start=\"2\"><li><p style=\"text-align:justify;\"><strong>Kabupaten/Kota dengan Inflasi Tertinggi</strong></p></li></ol><p style=\"text-align:justify;\">Dari data, terlihat bahwa Kota Malang memiliki tingkat inflasi tertinggi sebesar 0,19%, diikuti oleh Kota Kediri dengan 0,16%. Dua kota ini mengalami kenaikan harga yang lebih signifikan dibandingkan dengan kabupaten dan kota lainnya.</p><ol start=\"3\"><li><p style=\"text-align:justify;\"><strong>Kabupaten/Kota dengan Inflasi Terendah</strong></p></li></ol><p style=\"text-align:justify;\">Kabupaten Sumenep mencatat inflasi negatif sebesar -0,08%, menandakan penurunan harga selama periode itu. Fenomena ini perlu mendapat perhatian karena dapat mengindikasikan masalah ekonomi yang lebih dalam di kabupaten Sumenep.</p><p style=\"text-align:justify;\">&nbsp;</p><h4>II. Faktor-Faktor yang Mempengaruhi Tingkat Inflasi</h4><p style=\"text-align:justify;\">Fluktuasi harga dalam suatu daerah dipengaruhi oleh berbagai faktor ekonomi dan non-ekonomi. Beberapa faktor yang mungkin memengaruhi tingkat inflasi di kabupaten dan kota di Jawa Timur antara lain ialah:</p><ol style=\"list-style-type:lower-alpha;\"><li><p style=\"text-align:justify;\"><strong>Pertumbuhan Ekonomi</strong></p></li></ol><p style=\"text-align:justify;\">Kabupaten atau kota dengan pertumbuhan ekonomi tinggi cenderung mengalami inflasi yang lebih tinggi karena meningkatnya permintaan konsumen dan investasi.</p><ol style=\"list-style-type:lower-alpha;\" start=\"2\"><li><p style=\"text-align:justify;\"><strong>Harga Energi</strong></p></li></ol><p style=\"text-align:justify;\">Kenaikan harga energi, seperti harga BBM, dapat berdampak besar pada inflasi karena hampir semua sektor ekonomi menggunakan energi dalam proses produksinya.</p><ol style=\"list-style-type:lower-alpha;\" start=\"3\"><li><p style=\"text-align:justify;\"><strong>Kebijakan Moneter</strong></p></li></ol><p style=\"text-align:justify;\">Kebijakan moneter yang diterapkan oleh Bank Indonesia dapat memengaruhi tingkat inflasi. Misalnya peningkatan suku bunga dapat mengurangi permintaan konsumen dan mengendalikan inflasi.</p><ol style=\"list-style-type:lower-alpha;\" start=\"4\"><li><p style=\"text-align:justify;\"><strong>Ketersediaan dan Permintaan Barang dan Jasa</strong></p></li></ol><p style=\"text-align:justify;\">Ketidakseimbangan antara penawaran dan permintaan barang dan jasa dapat memengaruhi harga. Jika permintaan melebihi penawaran maka harga cenderung naik.</p><p style=\"text-align:justify;\">&nbsp;</p><h4>III. Kabupaten &amp; Kota dengan dengan tingkat Inflasi Rendah &amp; Tinggi di Jawa Timur pada Bulan Juli 2023</h4><p style=\"text-align:justify;\">Terdapat beberapadaerah dengan tingkat tingkat inflasi Rendah &amp; Tinggi di Jawa Timur pada Bulan Juli 2023diantaranya ialah:</p><ol style=\"list-style-type:lower-alpha;\"><li><p style=\"text-align:justify;\"><strong>Kabupaten/Kota dengan Inflasi Rendah</strong></p></li></ol><p style=\"text-align:justify;\">Kabupaten Banyuwangi (0,4 %) dan Kota Probolinggo (0,9 %) adalah contoh kabupaten/kota dengan tingkat inflasi rendah pada Juli 2023. Hal ini mengindikasikan stabilitas harga dan pertumbuhan ekonomi yang sehat di wilayah ini. Kabupaten dan kota ini dapat dijadikan model bagi wilayah lain dalam menjaga inflasi tetap rendah. Salah satu pendekatan yang dapat diterapkan adalah mendorong investasi dalam berbagai sektor ekonomi yang memiliki potensi untuk tumbuh. Dengan pertumbuhan ekonomi yang kuat, permintaan konsumen dan investasi dapat dijaga dalam keseimbangan dan dapat mencegah tekanan inflasi yang berlebihan.</p><ol style=\"list-style-type:lower-alpha;\" start=\"2\"><li><p style=\"text-align:justify;\"><strong>Kabupaten/Kota dengan Inflasi Tinggi</strong></p></li></ol><p style=\"text-align:justify;\">Kota Malang (0,19 %) dan Kota Kediri (0,16 %) ialah contoh kota dengan tingkat inflasi tertinggi pada Juli 2023. Tingkat inflasi yang tinggi dapat merugikan masyarakat karena mengurangi daya beli mereka. Pemerintah daerah perlu mengidentifikasi faktor-faktor yang menyebabkan inflasi tinggi dan mengambil langkah-langkah yang sesuai untuk mengendalikannya. Salah satu langkah yang dapat diambil adalah mengevaluasi apakah terdapat faktor-faktor tertentu, seperti kenaikan harga properti atau biaya hidup, yang berkontribusi pada inflasi tinggi. Dengan memahami penyebabnya, pemerintah daerah dapat membuat kebijakan untuk mengendalikan inflasi agar lebih efektif pada tahun 2024. Dalam mengatasi inflasi tinggi, kerja sama antara pemerintah, sektor swasta, dan lembaga terkait akan menjadi kuncinya.</p><h4 style=\"text-align:justify;\">&nbsp;</h4><h4>IV. Rekomendasi dan Strategi untuk Tahun 2024</h4><p style=\"text-align:justify;\">Berdasarkan analisis data inflasi Juli 2023, dibawah ini ialah beberapa rekomendasi dan strategi yang perlu dipertimbangkan untuk tahun 2024:</p><ol><li><p style=\"text-align:justify;\"><strong>Pemantauan Berkesinambungan</strong></p></li></ol><p style=\"text-align:justify;\">Penting untuk terus memantau data inflasi secara rutin dan menyelidiki perubahan signifikan. Hal ini akan memungkinkan tindakan yang cepat dan tepat dalam menghadapi tren inflasi yang merugikan.</p><ol start=\"2\"><li><p style=\"text-align:justify;\"><strong>Peningkatan Kerja Sama dengan BPS</strong></p></li></ol><p style=\"text-align:justify;\">Kerja sama yang erat dengan Badan Pusat Statistik (BPS) sangat penting untuk memperoleh data yang akurat dan berkualitas.</p><ol start=\"3\"><li><p style=\"text-align:justify;\"><strong>Keterlibatan Sektor Swasta</strong></p></li></ol><p style=\"text-align:justify;\">Sektor swasta, termasuk bisnis dan lembaga perbankan, dapat berperan dalam mengendalikan inflasi dengan mematuhi prinsip-prinsip bisnis yang bertanggung jawab dan berkontribusi pada stabilitas harga.</p><ol start=\"4\"><li><p style=\"text-align:justify;\"><strong>Memahami Faktor-Faktor Tertentu</strong></p></li></ol><p style=\"text-align:justify;\">Kabupaten/kota dengan tingkat inflasi tinggi perlu memahami faktor-faktor khusus yang berkontribusi pada inflasi. Ini dapat melibatkan peninjauan kebijakan harga dan pasokan barang dan jasa.</p><ol start=\"5\"><li><p style=\"text-align:justify;\"><strong>Strategi Investasi</strong></p></li></ol><p style=\"text-align:justify;\">Pemerintah daerah dapat merancang strategi investasi yang berfokus pada sektor-sektor yang memiliki potensi pertumbuhan, menciptakan lapangan kerja, dan menjaga stabilitas harga.</p><p style=\"text-align:justify;\"><strong>****</strong></p><p style=\"text-align:justify;\">Analisis data inflasi di kabupaten dan kota di Jawa Timur pada bulan Juli 2023 memberikan wawasan berharga tentang situasi ekonomi regional. Meskipun inflasi umumnya rendah, terdapat variasi yang signifikan antara kabupaten dan kota. Kabupaten dan kota dengan inflasi tinggi perlu mengambil langkah-langkah yang sesuai untuk mengendalikannya, sementara kabupaten dan kota dengan inflasi rendah dapat menjadi contoh sukses dalam menjaga stabilitas harga. Pentingnya kerja sama antara pemerintah, sektor swasta, dan lembaga terkait dalam menghadapi inflasi tidak boleh diabaikan. Dengan pemahaman yang baik tentang faktor-faktor yang memengaruhi tingkat inflasi dan penerapan strategi yang tepat, Jawa Timur dapat mempertahankan stabilitas ekonomi dan memastikan pertumbuhan yang baik pada tahun 2024 dan seterusnya.</p>', 'gambar/kuan02.jpg');

-- --------------------------------------------------------

--
-- Struktur dari tabel `kategori`
--

CREATE TABLE `kategori` (
  `id_kategori` int(11) NOT NULL,
  `nm_kategori` varchar(90) DEFAULT NULL,
  `keterangan` longtext DEFAULT NULL
) ENGINE=InnoDB DEFAULT CHARSET=latin1;

--
-- Dumping data untuk tabel `kategori`
--

INSERT INTO `kategori` (`id_kategori`, `nm_kategori`, `keterangan`) VALUES
(1, 'Wisata', 'Artikel ini memberikan pembaca informasi tentang destinasi wisata menarik, panduan perjalanan, dan tips untuk merencanakan liburan. Artikel-artikelnya mencakup ulasan tempat-tempat wisata, pengalaman perjalanan dari berbagai belahan dunia, serta saran praktis untuk membuat perjalanan lebih menyenangkan dan terorganisir. Kategori ini dirancang untuk para pecinta travel yang mencari inspirasi dan panduan untuk petualangan mereka berikutnya.'),
(2, 'Kuliner', 'Artikel dengan kategori kuliner berfokus pada berbagai aspek makanan dan minuman, mulai dari resep masakan, ulasan restoran, hingga tips memasak. Artikel-artikelnya memberikan pembaca ide-ide baru untuk mencoba di dapur, rekomendasi tempat makan, serta informasi tentang tren kuliner terkini. Kategori ini cocok untuk para pecinta kuliner yang ingin mengeksplorasi dunia masakan dan menemukan rasa baru.'),
(3, 'Hiburan', 'Artikel dengan kategori hiburan mencakup berbagai aspek dari dunia film, musik, dan buku. Artikel-artikelnya menawarkan ulasan film terbaru, rekomendasi serial TV, berita musik, serta resensi album dan buku. Pembaca akan mendapatkan informasi tentang erbagai hiburan, ulasan pertunjukan, dan saran bacaan yang menarik. Kategori ini dirancang untuk para penggemar hiburan yang ingin mendapatkan rekomendasi dan informasi terbaru tentang industri kreatif.'),
(4, 'Keuangan', 'Artikel dengan kategori keuangan menyediakan artikel yang membantu pembaca dalam mengelola keuangan pribadi, memahami investasi, dan memulai bisnis. Topik-topiknya mencakup tips menabung, strategi investasi yang aman, serta panduan untuk mengelola anggaran dan utang. Selain itu, kategori ini juga menawarkan cerita sukses pengusaha dan ide-ide bisnis yang bisa diimplementasikan. Tujuannya adalah membantu pembaca mencapai stabilitas dan kesuksesan.'),
(5, 'Teknologi', 'Artikel ini membahas mengenai perkembangan di dunia teknologi, termasuk berita terkini, ulasan gadget, dan tutorial penggunaan perangkat serta aplikasi. Kamu dapat menemukan informasi tentang peluncuran produk terbaru, inovasi di bidang teknologi, serta tips dan trik untuk memaksimalkan penggunaan perangkat mereka. Artikel-artikel dalam kategori ini dirancang untuk membantu pembaca tetap update dengan tren teknologi dan memberikan panduan praktis untuk mengatasi berbagai masalah teknis sehari-hari.'),
(6, 'Pendidikan', 'Artikel ini berfokus pada berbagai aspek pendidikan, mulai dari tips belajar yang efektif, informasi tentang beasiswa, hingga teknologi pendidikan. Artikel-artikelnya mencakup strategi manajemen waktu, cara meningkatkan konsentrasi, dan ulasan aplikasi yang membantu proses belajar mengajar. Pembaca yang mencari cara untuk meningkatkan hasil belajar atau ingin tahu lebih banyak tentang peluang beasiswa akan menemukan banyak informasi bermanfaat di sini.');

-- --------------------------------------------------------

--
-- Struktur dari tabel `kontributor`
--

CREATE TABLE `kontributor` (
  `id_kontributor` int(11) NOT NULL,
  `id_penulis` int(11) DEFAULT NULL,
  `id_artikel` int(11) DEFAULT NULL,
  `id_kategori` int(11) DEFAULT NULL
) ENGINE=InnoDB DEFAULT CHARSET=latin1;

--
-- Dumping data untuk tabel `kontributor`
--

INSERT INTO `kontributor` (`id_kontributor`, `id_penulis`, `id_artikel`, `id_kategori`) VALUES
(1, 2, 1, 5),
(2, 2, 2, 4),
(3, 1, 3, 5),
(4, 1, 4, 5),
(5, 1, 5, 4),
(6, 2, 6, 5),
(7, 1, 7, 6),
(8, 2, 8, 6),
(9, 2, 9, 3),
(10, 2, 10, 2),
(11, 1, 11, 6),
(12, 1, 12, 3),
(13, 2, 13, 6),
(14, 1, 14, 2),
(15, 2, 15, 1),
(16, 1, 16, 4),
(17, 1, 17, 1),
(18, 2, 18, 4);

-- --------------------------------------------------------

--
-- Struktur dari tabel `penulis`
--

CREATE TABLE `penulis` (
  `id_penulis` int(11) NOT NULL,
  `username` varchar(90) DEFAULT NULL,
  `password` varchar(90) DEFAULT NULL,
  `email` varchar(90) DEFAULT NULL
) ENGINE=InnoDB DEFAULT CHARSET=latin1;

--
-- Dumping data untuk tabel `penulis`
--

INSERT INTO `penulis` (`id_penulis`, `username`, `password`, `email`) VALUES
(1, 'Admin', 'a3b4f96ca617223d6b2e8df4fb4e8db5', 'admin@gmail.com'),
(2, 'Sholikin', 'c93ccd78b2076528346216b3b2f701e6', 'sholikin@gmail.com');

--
-- Indexes for dumped tables
--

--
-- Indeks untuk tabel `artikel`
--
ALTER TABLE `artikel`
  ADD PRIMARY KEY (`id_artikel`);

--
-- Indeks untuk tabel `kategori`
--
ALTER TABLE `kategori`
  ADD PRIMARY KEY (`id_kategori`);

--
-- Indeks untuk tabel `kontributor`
--
ALTER TABLE `kontributor`
  ADD PRIMARY KEY (`id_kontributor`),
  ADD KEY `id_penulis` (`id_penulis`),
  ADD KEY `id_kategori` (`id_kategori`),
  ADD KEY `id_artikel` (`id_artikel`);

--
-- Indeks untuk tabel `penulis`
--
ALTER TABLE `penulis`
  ADD PRIMARY KEY (`id_penulis`);

--
-- AUTO_INCREMENT untuk tabel yang dibuang
--

--
-- AUTO_INCREMENT untuk tabel `artikel`
--
ALTER TABLE `artikel`
  MODIFY `id_artikel` int(11) NOT NULL AUTO_INCREMENT, AUTO_INCREMENT=39;

--
-- AUTO_INCREMENT untuk tabel `kategori`
--
ALTER TABLE `kategori`
  MODIFY `id_kategori` int(11) NOT NULL AUTO_INCREMENT, AUTO_INCREMENT=10;

--
-- AUTO_INCREMENT untuk tabel `kontributor`
--
ALTER TABLE `kontributor`
  MODIFY `id_kontributor` int(11) NOT NULL AUTO_INCREMENT, AUTO_INCREMENT=44;

--
-- AUTO_INCREMENT untuk tabel `penulis`
--
ALTER TABLE `penulis`
  MODIFY `id_penulis` int(11) NOT NULL AUTO_INCREMENT, AUTO_INCREMENT=6;

--
-- Ketidakleluasaan untuk tabel pelimpahan (Dumped Tables)
--

--
-- Ketidakleluasaan untuk tabel `kontributor`
--
ALTER TABLE `kontributor`
  ADD CONSTRAINT `FK_kontributor_artikel` FOREIGN KEY (`id_artikel`) REFERENCES `artikel` (`id_artikel`) ON DELETE CASCADE ON UPDATE CASCADE,
  ADD CONSTRAINT `FK_kontributor_kategori` FOREIGN KEY (`id_kategori`) REFERENCES `kategori` (`id_kategori`) ON DELETE CASCADE ON UPDATE CASCADE,
  ADD CONSTRAINT `FK_kontributor_penulis` FOREIGN KEY (`id_penulis`) REFERENCES `penulis` (`id_penulis`) ON DELETE CASCADE ON UPDATE CASCADE;
COMMIT;

/*!40101 SET CHARACTER_SET_CLIENT=@OLD_CHARACTER_SET_CLIENT */;
/*!40101 SET CHARACTER_SET_RESULTS=@OLD_CHARACTER_SET_RESULTS */;
/*!40101 SET COLLATION_CONNECTION=@OLD_COLLATION_CONNECTION */;
